#pragma once

#include <stdint.h>

#define ZEPHYR_WIDTH 160
#define ZEPHYR_HEIGHT 80

const uint16_t ZEPHYR_BITS[] = {
    0xE71B, 0xE71A, 0xE71B, 0xE6FB, 0xAD97, 0x9515, 0xD6BA, 0x9CF4, 0xB5B7,
    0xB5B6, 0xC5F7, 0xAD34, 0x9C92, 0x9471, 0x9451, 0x8C30, 0x8C0F, 0x8C0F,
    0x8BEE, 0x8BEE, 0x83CD, 0x83AD, 0x83AD, 0x838C, 0x7B8C, 0x7B6C, 0x7B6B,
    0x7B6B, 0x734B, 0x734A, 0x732A, 0x732A, 0x732A, 0x6B0A, 0x6B09, 0x6AE9,
    0x6AE9, 0x62C9, 0x5A88, 0x4A47, 0x4A47, 0x4A47, 0x4A47, 0x4A47, 0x4A47,
    0x4A68, 0x5288, 0x5288, 0x5288, 0x5288, 0x52A8, 0x52A8, 0x52A9, 0x52A9,
    0x52A9, 0x52C9, 0x52C9, 0x5AC9, 0x5AC9, 0x5AEA, 0x5AEA, 0x5AEA, 0x5B0A,
    0x5B0A, 0x630A, 0x632A, 0x632A, 0x632B, 0x632B, 0x634B, 0x634B, 0x634B,
    0x6B6B, 0x6B6B, 0x6B6C, 0x6B8C, 0x6B8C, 0x6B8C, 0x6B8C, 0x738C, 0x738C,
    0x73AC, 0x73AC, 0x73AD, 0x73AD, 0x73AD, 0x73AD, 0x73AD, 0x73CD, 0x73CD,
    0x73CD, 0x73CD, 0x73CD, 0x73CD, 0x7BCD, 0x7BCD, 0x7BED, 0x7BED, 0x7BED,
    0x7BED, 0x7BED, 0x7BEE, 0x7BEE, 0x7BEE, 0x7BEE, 0x7BEE, 0x7BEE, 0x7BEE,
    0x7BEE, 0x7BEE, 0x7BEE, 0x7C0E, 0x7C0E, 0x7C0E, 0x7C0E, 0x7C0E, 0x7C0F,
    0x7C0F, 0x7C0F, 0x7C0F, 0x7C2F, 0x7C2F, 0x7C2F, 0x7C2F, 0x7C2F, 0x7C2F,
    0x7C2F, 0x8430, 0x8430, 0x7C30, 0x8450, 0x8450, 0x8450, 0x8450, 0x8450,
    0x8471, 0x8451, 0x9AAB, 0x9A6A, 0x9A6A, 0xB44B, 0xC54B, 0xCD8F, 0xC591,
    0x742F, 0x6C50, 0x6430, 0x94D2, 0x94F2, 0x94D0, 0x9D12, 0x8CD1, 0x8CD0,
    0x8CF1, 0x8D12, 0x84F2, 0x9532, 0x9D33, 0xB5B6, 0x9513, 0x8CD4, 0xB5D7,
    0xCE79, 0xE71B, 0xADB7, 0x9D15, 0xD6BA, 0xA4F4, 0xBDD7, 0xAD96, 0xBDF7,
    0xAD34, 0x9CB2, 0x9492, 0x9471, 0x9450, 0x8C30, 0x8C0F, 0x8C0E, 0x8BEE,
    0x83CE, 0x83AD, 0x83AD, 0x83AC, 0x838C, 0x7B8C, 0x7B6C, 0x7B6B, 0x7B4B,
    0x734A, 0x732A, 0x732A, 0x732A, 0x6B09, 0x6B09, 0x6AE9, 0x6AE9, 0x62C9,
    0x5AA8, 0x4A47, 0x4A48, 0x4A47, 0x4A47, 0x4A68, 0x4A68, 0x4A68, 0x5288,
    0x52A8, 0x52A8, 0x52A8, 0x52A8, 0x52A8, 0x52A9, 0x52A9, 0x52A9, 0x52C9,
    0x52C9, 0x5AC9, 0x5AC9, 0x5AEA, 0x5AEA, 0x5B0A, 0x5B0A, 0x5B0A, 0x632A,
    0x632A, 0x632B, 0x632B, 0x634B, 0x634B, 0x634B, 0x6B6B, 0x6B4B, 0x6B6B,
    0x6B6C, 0x6B8C, 0x6B8C, 0x6B8C, 0x738C, 0x738C, 0x73AC, 0x73AC, 0x73AD,
    0x73AD, 0x73AD, 0x73AD, 0x73CD, 0x73CD, 0x73CD, 0x73CD, 0x7BCD, 0x7BCD,
    0x7BCD, 0x7BCD, 0x7BCD, 0x73CD, 0x7BED, 0x7BEE, 0x7BEE, 0x7BEE, 0x7BEE,
    0x7BEE, 0x7BEE, 0x7BEE, 0x7BEE, 0x7BEE, 0x7BEE, 0x7BEE, 0x7C0E, 0x7C0E,
    0x7C0E, 0x7C0E, 0x7C0F, 0x7C0F, 0x7C0F, 0x7C0F, 0x7C0F, 0x7C0F, 0x7C2F,
    0x7C2F, 0x7C2F, 0x7C2F, 0x7C2F, 0x7C2F, 0x8430, 0x8430, 0x8430, 0x8450,
    0x8450, 0x8450, 0x8450, 0x8450, 0x8450, 0x8450, 0x8471, 0x8471, 0x8471,
    0x9A8A, 0x9A6A, 0x9A6A, 0xA30A, 0xCD4C, 0xCD8E, 0xAD30, 0x7C4F, 0x848F,
    0x9CF0, 0x9CF2, 0xAD75, 0x94D0, 0xA552, 0x8CD1, 0x9511, 0x9D52, 0x9532,
    0x8CF2, 0x8CF2, 0x8D12, 0x9D54, 0x9C93, 0x7411, 0x7C32, 0x7C52, 0x8473,
    0x8CB4, 0x9D15, 0xCE79, 0xA514, 0xBDF7, 0xAD96, 0xBDF7, 0xAD34, 0x9CB2,
    0x9492, 0x9471, 0x9450, 0x9430, 0x8C2F, 0x8C0F, 0x8BEE, 0x83CE, 0x83CD,
    0x83AD, 0x83AD, 0x838C, 0x7B8C, 0x7B6C, 0x7B6B, 0x7B4B, 0x734A, 0x734A,
    0x732A, 0x732A, 0x6B09, 0x6B09, 0x6AE9, 0x6AE9, 0x6AC9, 0x5AA8, 0x4A47,
    0x4A48, 0x4A68, 0x4A47, 0x4A47, 0x4A68, 0x4A68, 0x5288, 0x52A8, 0x52A9,
    0x52A8, 0x52A8, 0x52A9, 0x52A9, 0x52A9, 0x52A9, 0x52C9, 0x52C9, 0x5AC9,
    0x5AE9, 0x5AEA, 0x5AEA, 0x5B0A, 0x5B0A, 0x5B0A, 0x632A, 0x632A, 0x632B,
    0x632B, 0x634B, 0x634B, 0x6B4B, 0x6B6B, 0x6B6B, 0x6B6B, 0x6B6C, 0x6B8C,
    0x6B8C, 0x738C, 0x738C, 0x73AC, 0x73AC, 0x73AC, 0x73AD, 0x73AD, 0x73CD,
    0x73CD, 0x73CD, 0x73CD, 0x7BCD, 0x7BCD, 0x7BCD, 0x7BCD, 0x7BED, 0x7BED,
    0x7BED, 0x73CD, 0x7BED, 0x7BEE, 0x7BEE, 0x7BEE, 0x7BEE, 0x7BEE, 0x7BEE,
    0x7C0E, 0x7BEE, 0x7C0E, 0x7C0E, 0x7C0E, 0x7C0E, 0x7C0E, 0x7C0F, 0x7C0F,
    0x7C0F, 0x7C2F, 0x7C2F, 0x7C2F, 0x7C2F, 0x7C2F, 0x7C2F, 0x7C2F, 0x7C2F,
    0x8430, 0x8430, 0x8450, 0x8450, 0x8450, 0x8450, 0x8450, 0x8450, 0x8450,
    0x8450, 0x8450, 0x8450, 0x8471, 0x8471, 0x8471, 0x8471, 0xA2CB, 0xA2AB,
    0xA28B, 0xA28B, 0xBC8C, 0xB52D, 0x94AF, 0x9CCF, 0xA510, 0x9CF0, 0x9CF0,
    0xAD54, 0xAD75, 0xA553, 0x8CB1, 0x8CB1, 0x94B2, 0x8471, 0x7C10, 0x8CB2,
    0x9533, 0x94F3, 0xA432, 0x636E, 0x6BB0, 0x73F1, 0x7C12, 0x7C52, 0x8C93,
    0xC658, 0xA4F4, 0xC618, 0xAD96, 0xBE17, 0xAD34, 0x9CD3, 0x9CB2, 0x9491,
    0x9471, 0x9450, 0x8C30, 0x8C0F, 0x8C0F, 0x8BEE, 0x83CE, 0x83CD, 0x83AD,
    0x838C, 0x7B8C, 0x7B6C, 0x7B6B, 0x7B4B, 0x734A, 0x732A, 0x732A, 0x730A,
    0x6B09, 0x6B09, 0x6AE9, 0x6AE9, 0x6AE9, 0x5AA8, 0x4A47, 0x4A48, 0x4A47,
    0x4A47, 0x4A68, 0x4A68, 0x4A68, 0x5288, 0x52A8, 0x52A8, 0x52A8, 0x52A8,
    0x52A9, 0x52A9, 0x52A9, 0x52C9, 0x52C9, 0x5AC9, 0x5AC9, 0x5AEA, 0x5AEA,
    0x5AEA, 0x5B0A, 0x5B0A, 0x5B0A, 0x632A, 0x632A, 0x632B, 0x634B, 0x634B,
    0x634B, 0x6B6B, 0x6B6B, 0x6B6B, 0x6B6B, 0x6B8C, 0x6B8C, 0x738C, 0x738C,
    0x73AC, 0x73AC, 0x73AD, 0x73AD, 0x73AD, 0x73AD, 0x73CD, 0x73CD, 0x73CD,
    0x7BCD, 0x7BCD, 0x7BCD, 0x7BCD, 0x7BED, 0x7BED, 0x7BED, 0x7BEE, 0x7BEE,
    0x7BEE, 0x7BEE, 0x7BEE, 0x7C0E, 0x7BEE, 0x7C0E, 0x7C0E, 0x7C0E, 0x7C0E,
    0x7C0E, 0x7C0E, 0x7C0E, 0x7C0E, 0x7C0F, 0x7C0F, 0x7C0F, 0x7C2F, 0x7C2F,
    0x7C2F, 0x7C2F, 0x7C2F, 0x7C2F, 0x842F, 0x842F, 0x8450, 0x8450, 0x8450,
    0x8450, 0x8450, 0x8450, 0x8450, 0x8450, 0x8470, 0x8450, 0x8450, 0x8470,
    0x8471, 0x8471, 0x8471, 0x8491, 0x8C71, 0xAB0C, 0xAACB, 0xA2CB, 0xA2AB,
    0xAAEB, 0xB4CD, 0xA4EF, 0x944F, 0x8C0E, 0x8C0F, 0x840F, 0x9CF3, 0xA534,
    0x9CD3, 0x83F0, 0x8C31, 0x8C31, 0x83F0, 0x83F0, 0x83F1, 0x8C11, 0xA432,
    0xAC12, 0x5B0D, 0x5B2E, 0x634E, 0x6B6F, 0x73D0, 0x7C11, 0xBDD7, 0xA4D3,
    0xC638, 0xAD76, 0xC617, 0xAD55, 0x9CD3, 0x9CB2, 0x9C92, 0x9471, 0x9450,
    0x9430, 0x8C2F, 0x8C0F, 0x8BEE, 0x8BEE, 0x83CD, 0x83AD, 0x83AD, 0x7B8C,
    0x7B6C, 0x7B6B, 0x7B4B, 0x734A, 0x732A, 0x732A, 0x730A, 0x6B0A, 0x6B09,
    0x6AE9, 0x6AE9, 0x6AE9, 0x5A88, 0x4A47, 0x4A47, 0x4A47, 0x4A68, 0x4A68,
    0x4A68, 0x4A68, 0x5288, 0x52A8, 0x52A8, 0x52A8, 0x52A9, 0x52A9, 0x52A9,
    0x52C9, 0x52C9, 0x5AC9, 0x52C9, 0x5AE9, 0x5AEA, 0x5AEA, 0x5AEA, 0x5B0A,
    0x5B0A, 0x5B0A, 0x632A, 0x632A, 0x632B, 0x634B, 0x634B, 0x634B, 0x6B6B,
    0x6B6B, 0x6B6C, 0x6B6C, 0x6B8C, 0x6B8C, 0x738C, 0x738C, 0x73AC, 0x73AD,
    0x73AD, 0x73AD, 0x73AD, 0x73CD, 0x7BCD, 0x73CD, 0x7BCD, 0x7BCD, 0x7BCD,
    0x7BCD, 0x7BED, 0x7BED, 0x7BED, 0x7BED, 0x7BEE, 0x7BEE, 0x7BEE, 0x7BEE,
    0x7BEE, 0x7C0E, 0x7C0E, 0x7C0E, 0x7C0E, 0x7C0E, 0x7C0E, 0x7C0E, 0x7C0E,
    0x7C0E, 0x7C0F, 0x7C2F, 0x7C2F, 0x7C2F, 0x7C2F, 0x7C2F, 0x7C2F, 0x7C2F,
    0x842F, 0x8450, 0x8450, 0x8450, 0x8450, 0x8450, 0x8470, 0x8470, 0x8470,
    0x8470, 0x8470, 0x8471, 0x8471, 0x8471, 0x8471, 0x8471, 0x8471, 0x8491,
    0x8491, 0x8491, 0x8C91, 0xAB0C, 0xAAEC, 0xAACC, 0xAACB, 0xAAEC, 0xAC2E,
    0xA50F, 0x9C4E, 0x83AE, 0x83CF, 0x83AE, 0x8410, 0x9492, 0x9472, 0x83AF,
    0x8BF0, 0x8BF0, 0x8BD0, 0x9BD1, 0xA3F1, 0xAC12, 0xAC12, 0xAC32, 0xB554,
    0x83F0, 0x632D, 0x632E, 0x634E, 0x73D0, 0xAD34, 0x9C92, 0xC638, 0xAD76,
    0xC618, 0xAD34, 0x9CD3, 0x9CB2, 0x9CB2, 0x9491, 0x9471, 0x9450, 0x8C2F,
    0x8C0F, 0x8C0E, 0x8BEE, 0x83CE, 0x83CD, 0x83AD, 0x838C, 0x7B8C, 0x7B6C,
    0x7B4B, 0x734B, 0x732A, 0x732A, 0x730A, 0x6B09, 0x6B09, 0x6AE9, 0x6AE9,
    0x6AC9, 0x5AA8, 0x4A48, 0x4A47, 0x4A68, 0x4A47, 0x4A47, 0x4A68, 0x4A68,
    0x5288, 0x5288, 0x52A8, 0x52A9, 0x52A9, 0x52A9, 0x52C9, 0x52C9, 0x52C9,
    0x52C9, 0x5AE9, 0x5AE9, 0x5AEA, 0x5AEA, 0x5AEA, 0x5B0A, 0x5B0A, 0x5B0A,
    0x632A, 0x632A, 0x632B, 0x634B, 0x634B, 0x6B4B, 0x6B6B, 0x6B6B, 0x6B6C,
    0x6B6C, 0x6B8C, 0x6B8C, 0x738C, 0x73AC, 0x73AC, 0x73AD, 0x73CD, 0x73CD,
    0x73CD, 0x73CD, 0x7BCD, 0x7BCD, 0x7BCD, 0x7BCD, 0x7BCD, 0x7BCD, 0x7BED,
    0x7BED, 0x7BEE, 0x7BEE, 0x7BEE, 0x7BEE, 0x7BEE, 0x7BEE, 0x7C0E, 0x7C0E,
    0x7C0E, 0x7C0E, 0x7C0E, 0x7C0E, 0x7C0E, 0x840F, 0x840F, 0x7C2F, 0x7C2F,
    0x7C2F, 0x7C2F, 0x7C2F, 0x842F, 0x844F, 0x8450, 0x8450, 0x8450, 0x8450,
    0x8450, 0x8450, 0x8470, 0x8470, 0x8470, 0x8470, 0x8471, 0x8470, 0x8471,
    0x8491, 0x8491, 0x8491, 0x8491, 0x8491, 0x8491, 0x8491, 0x8491, 0x8491,
    0x8C91, 0xAAEC, 0xAAEC, 0xAAEC, 0xAACB, 0xAACC, 0xAB4C, 0xB4CF, 0xA36D,
    0x9B6D, 0x9B6D, 0x936E, 0x8B2D, 0x938F, 0xA3AF, 0xA3B0, 0xABB0, 0xB3F1,
    0xABF1, 0xABF1, 0xABF2, 0xAC12, 0xAC33, 0xAC33, 0xE6B8, 0xE6B9, 0xB534,
    0x630D, 0x5B0D, 0x738F, 0x9CB2, 0x9451, 0xBDF7, 0xAD55, 0xC617, 0xAD34,
    0x9CB2, 0x9CB2, 0x9CB2, 0x9491, 0x9471, 0x9450, 0x9430, 0x8C2F, 0x8C0F,
    0x8BEE, 0x8BEE, 0x83CD, 0x83AD, 0x838D, 0x7B8C, 0x7B6C, 0x7B6B, 0x7B4B,
    0x732A, 0x732A, 0x730A, 0x7309, 0x6AE9, 0x6AE9, 0x6AE9, 0x6AC9, 0x5AA8,
    0x4A47, 0x4A47, 0x4A68, 0x4A68, 0x4A68, 0x4A68, 0x4A68, 0x5288, 0x5288,
    0x52A9, 0x52A9, 0x52A9, 0x52A9, 0x52C9, 0x52C9, 0x52C9, 0x5AC9, 0x5AE9,
    0x5AE9, 0x5AEA, 0x5AEA, 0x5AEA, 0x5B0A, 0x5B0A, 0x632A, 0x632A, 0x632A,
    0x632B, 0x634B, 0x634B, 0x6B4B, 0x6B6B, 0x6B6B, 0x6B6C, 0x6B8C, 0x6B8C,
    0x738C, 0x73AC, 0x73AC, 0x73AC, 0x73AD, 0x73AD, 0x73CD, 0x73CD, 0x7BCD,
    0x7BCD, 0x7BCD, 0x7BCD, 0x7BCD, 0x7BED, 0x7BCD, 0x7BED, 0x7BED, 0x7BEE,
    0x7BEE, 0x7BEE, 0x7BEE, 0x7C0E, 0x7C0E, 0x7C0E, 0x7C0E, 0x840E, 0x840F,
    0x840E, 0x7C0E, 0x840F, 0x840F, 0x842F, 0x7C2F, 0x7C2F, 0x842F, 0x842F,
    0x842F, 0x844F, 0x844F, 0x8450, 0x8450, 0x8450, 0x8450, 0x8450, 0x8470,
    0x8470, 0x8470, 0x8470, 0x8471, 0x8471, 0x8491, 0x8491, 0x8491, 0x8491,
    0x8491, 0x8491, 0x8491, 0x8C91, 0x8C91, 0x8CB2, 0x8CB2, 0x9492, 0xAB0D,
    0xAAEC, 0xAAEC, 0xAACB, 0xAACC, 0xAB0C, 0xB32C, 0xB32D, 0xB36D, 0xB36E,
    0xBBAF, 0xA32D, 0xA32E, 0xAB8F, 0xAB8F, 0xB3F0, 0xBC31, 0xABD1, 0xABD1,
    0xB452, 0xAC12, 0xAC33, 0xC553, 0xE698, 0xE698, 0xBD95, 0x630D, 0x5ACC,
    0x6B4D, 0x9471, 0x8C10, 0xB596, 0xA514, 0xC5F7, 0xA513, 0x9CB2, 0x9C92,
    0x9C91, 0x9C91, 0x9471, 0x9450, 0x9450, 0x942F, 0x8C0F, 0x8BEE, 0x8BEE,
    0x83CD, 0x83AD, 0x83AD, 0x838C, 0x7B8C, 0x7B6B, 0x7B4B, 0x732A, 0x732A,
    0x730A, 0x7309, 0x6B09, 0x6AE9, 0x6AE9, 0x6AC9, 0x5A88, 0x4A47, 0x4A47,
    0x4A47, 0x4A47, 0x4A68, 0x4A68, 0x4A68, 0x4A68, 0x5288, 0x52A9, 0x52A9,
    0x52A9, 0x52A9, 0x52C9, 0x52C9, 0x52C9, 0x5AC9, 0x52C9, 0x5AE9, 0x5AEA,
    0x5AEA, 0x5B0A, 0x5B0A, 0x5B0A, 0x630A, 0x632A, 0x632B, 0x632B, 0x634B,
    0x634B, 0x634B, 0x6B6B, 0x6B6B, 0x6B6C, 0x6B8C, 0x738C, 0x738C, 0x73AC,
    0x73AC, 0x73AD, 0x73AD, 0x73CD, 0x73CD, 0x7BCD, 0x7BCD, 0x7BCD, 0x7BCD,
    0x7BCD, 0x7BED, 0x7BED, 0x7BED, 0x7BED, 0x7BED, 0x7BEE, 0x7BEE, 0x7BEE,
    0x7BEE, 0x7C0E, 0x7C0E, 0x7C0E, 0x7C0E, 0x840E, 0x840E, 0x840F, 0x7C0E,
    0x840F, 0x842F, 0x842F, 0x842F, 0x842F, 0x842F, 0x842F, 0x844F, 0x844F,
    0x8450, 0x8450, 0x8450, 0x8450, 0x8470, 0x8470, 0x8470, 0x8471, 0x8471,
    0x8491, 0x8491, 0x8491, 0x8491, 0x8491, 0x8491, 0x8491, 0x8491, 0x8C91,
    0x8CB2, 0x8CB2, 0x8CB2, 0x8CB2, 0x8CB2, 0x8C91, 0xAB0C, 0xB30C, 0xAAEC,
    0xAACB, 0xAB0C, 0xB32D, 0xBBAD, 0xB34D, 0xBC0D, 0xB38D, 0xCCAF, 0xAB4E,
    0xA32E, 0xD550, 0xB40F, 0xC510, 0xC531, 0xB3D1, 0xABF1, 0xCDF3, 0xB452,
    0xB433, 0xC594, 0xE698, 0xE698, 0xC5B5, 0x630D, 0x5ACC, 0x6B2D, 0x9430,
    0x83AF, 0xAD55, 0xA4F3, 0xC5D6, 0xA4F3, 0x9491, 0x9491, 0x9471, 0x9471,
    0x9471, 0x9450, 0x9430, 0x942F, 0x8C0F, 0x8C0E, 0x8BEE, 0x8BCE, 0x83CD,
    0x83AD, 0x838C, 0x7B6C, 0x7B6C, 0x7B4B, 0x732B, 0x732A, 0x730A, 0x7309,
    0x6AE9, 0x6AE9, 0x6AE9, 0x6AC9, 0x5AA8, 0x4A47, 0x4A47, 0x4A47, 0x4A67,
    0x4A48, 0x4A47, 0x4A68, 0x5268, 0x5288, 0x52A8, 0x52A9, 0x52A9, 0x52A9,
    0x52C9, 0x52C9, 0x52C9, 0x5AC9, 0x52C9, 0x5AE9, 0x5AE9, 0x5AEA, 0x5B0A,
    0x5B0A, 0x5B0A, 0x630A, 0x632A, 0x632B, 0x634B, 0x634B, 0x634B, 0x634B,
    0x6B6B, 0x6B6C, 0x6B8C, 0x6B8C, 0x6B8C, 0x738C, 0x738C, 0x73AC, 0x73AD,
    0x73CD, 0x73CD, 0x73CD, 0x7BCD, 0x7BCD, 0x7BCD, 0x7BCD, 0x7BCD, 0x7BED,
    0x7BED, 0x7BED, 0x7BED, 0x7BED, 0x7BEE, 0x7BEE, 0x7BEE, 0x7BEE, 0x7C0E,
    0x7C0E, 0x7C0E, 0x7C0E, 0x840E, 0x840E, 0x840E, 0x840F, 0x842F, 0x842F,
    0x842F, 0x842F, 0x842F, 0x842F, 0x842F, 0x844F, 0x8450, 0x8450, 0x8450,
    0x8450, 0x8450, 0x8470, 0x8471, 0x8471, 0x8471, 0x8471, 0x8491, 0x8491,
    0x8491, 0x8491, 0x8C91, 0x8C91, 0x8C91, 0x8CB1, 0x8CB1, 0x8CB2, 0x8CB2,
    0x8CB2, 0x8CB2, 0x8CB2, 0x9491, 0xB32D, 0xB32D, 0xD52D, 0xB3AC, 0xCCAD,
    0xB34C, 0xCCED, 0xB3CC, 0xDDAE, 0xB3AD, 0xCD0F, 0xB36E, 0xAB4E, 0xD590,
    0xC4F0, 0xCD50, 0xCD51, 0xABD1, 0xB471, 0xCDB2, 0xC553, 0xB453, 0xCDB4,
    0xE6B8, 0xE698, 0xC5B6, 0x6B4E, 0x5AEC, 0x6B4E, 0x9430, 0x83AE, 0xA4D3,
    0x9CD2, 0xC5D6, 0xA4D2, 0x9471, 0x9471, 0x9471, 0x9470, 0x9450, 0x9450,
    0x9430, 0x942F, 0x8C0F, 0x8C0E, 0x8BEE, 0x8BCE, 0x8BCD, 0x83AD, 0x838D,
    0x7B8C, 0x7B6C, 0x7B4B, 0x732B, 0x732A, 0x730A, 0x730A, 0x6AE9, 0x6AE9,
    0x6AE9, 0x6AC9, 0x5AA8, 0x4A48, 0x4A47, 0x4A47, 0x5A88, 0x6AA9, 0x6AA9,
    0x6AC9, 0x62C9, 0x5AA8, 0x5AA9, 0x5AA9, 0x52A9, 0x52C9, 0x52C9, 0x52C9,
    0x52C9, 0x52C9, 0x52C9, 0x5AE9, 0x5AE9, 0x5AEA, 0x5AEA, 0x5B0A, 0x5B0A,
    0x630A, 0x632B, 0x632B, 0x632B, 0x634B, 0x634B, 0x6B4B, 0x6B6B, 0x6B6C,
    0x6B8C, 0x6B8C, 0x6B8C, 0x6B8C, 0x738C, 0x73AC, 0x73AD, 0x73CD, 0x7BCD,
    0x7BCD, 0x7BCD, 0x7BCD, 0x7BCD, 0x7BCD, 0x7BCD, 0x7BED, 0x7BED, 0x7BED,
    0x7BED, 0x7BED, 0x7BEE, 0x7BEE, 0x7BEE, 0x7C0E, 0x7C0E, 0x7C0E, 0x7C0E,
    0x840E, 0x840E, 0x840F, 0x840F, 0x842F, 0x842F, 0x842F, 0x842F, 0x842F,
    0x842F, 0x844F, 0x842F, 0x8450, 0x8450, 0x8450, 0x8450, 0x8450, 0x8470,
    0x8470, 0x8471, 0x8471, 0x8471, 0x8491, 0x8491, 0x8491, 0x8C91, 0x8491,
    0x8CB2, 0x8CB2, 0x8CB1, 0x8CB2, 0x8CB2, 0x8CB2, 0x8CB2, 0x8CB2, 0x8CB2,
    0x8CB2, 0x9492, 0xB30C, 0xBB8D, 0xCCED, 0xAACB, 0xCCCC, 0xAB0C, 0xCCED,
    0xB3AC, 0xCD6D, 0xC48D, 0xCCEE, 0xB36F, 0xAB6E, 0xD591, 0xD590, 0xC510,
    0xCD71, 0xABD1, 0xC572, 0xB4B1, 0xD5F3, 0xAC33, 0xCDD4, 0xE698, 0xE698,
    0xC5D6, 0x736E, 0x630D, 0x738E, 0x9C71, 0x83AE, 0x9C92, 0x9CB2, 0xBD95,
    0x9CB1, 0x9450, 0x9450, 0x9450, 0x9450, 0x9450, 0x942F, 0x8C2F, 0x8C0F,
    0x8C0F, 0x8BEE, 0x8BEE, 0x8BCE, 0x83CD, 0x83AD, 0x83AD, 0x7B8C, 0x7B6C,
    0x7B4B, 0x734B, 0x732A, 0x732A, 0x730A, 0x7309, 0x6AE9, 0x6AE9, 0x6AE9,
    0x5AA8, 0x4A48, 0x5248, 0x5A68, 0x82E9, 0x932A, 0x7AA9, 0x6247, 0x5206,
    0x5A47, 0x5A67, 0x5A47, 0x62A9, 0x732A, 0x630A, 0x52C9, 0x52C9, 0x52C9,
    0x52C9, 0x5AE9, 0x5AE9, 0x5AEA, 0x5AEA, 0x5B0A, 0x5B0A, 0x630A, 0x632B,
    0x632B, 0x634B, 0x634B, 0x634B, 0x6B4B, 0x6B6C, 0x6B8C, 0x6B8C, 0x6B8C,
    0x6B6C, 0x6B6C, 0x6B8C, 0x6B8C, 0x73AC, 0x73AD, 0x7BCD, 0x7BCD, 0x7BCD,
    0x7BCD, 0x7BCD, 0x7BCD, 0x7BED, 0x7BED, 0x7BED, 0x7BED, 0x7BED, 0x7BEE,
    0x7BEE, 0x7BEE, 0x7BEE, 0x7C0E, 0x840E, 0x840E, 0x840E, 0x840E, 0x840E,
    0x842F, 0x842F, 0x842F, 0x842F, 0x842F, 0x842F, 0x842F, 0x842F, 0x844F,
    0x8450, 0x8450, 0x8450, 0x8450, 0x8450, 0x8470, 0x8470, 0x8471, 0x8471,
    0x8471, 0x8471, 0x8491, 0x8C91, 0x8491, 0x8C91, 0x8C91, 0x8CB2, 0x8CB2,
    0x8CB2, 0x8CB2, 0x8CB2, 0x8CB2, 0x8CB2, 0x8CB2, 0x8CB2, 0x8CD2, 0x9492,
    0xAAAB, 0xB30C, 0xCCAD, 0xC46C, 0xCCCC, 0xA2CB, 0xCCED, 0xB3AC, 0xBC6D,
    0xCD4D, 0xC4AE, 0xAB2E, 0xB3AF, 0xD592, 0xCD30, 0xABEF, 0xCD71, 0xABB0,
    0xD5D2, 0xC532, 0xCDD3, 0xBCD3, 0xCDB4, 0xE6B9, 0xE698, 0xC5D6, 0x73AF,
    0x632E, 0x83EF, 0xA4D2, 0x83AE, 0x9C91, 0x9471, 0xBD95, 0x9C70, 0x942F,
    0x942F, 0x942F, 0x942F, 0x942F, 0x940F, 0x940F, 0x8C0F, 0x8BEE, 0x8BEE,
    0x8BEE, 0x8BCE, 0x83CD, 0x83AD, 0x83AD, 0x7B8C, 0x7B6C, 0x7B4B, 0x7B4B,
    0x732A, 0x732A, 0x730A, 0x730A, 0x6AE9, 0x6AE9, 0x6AE9, 0x5AA8, 0x5248,
    0x6268, 0x6A68, 0x6A47, 0x6A47, 0x59E6, 0x4185, 0x4185, 0x41A5, 0x49C6,
    0x49E6, 0x49C5, 0x6AA8, 0x62C9, 0x5AC9, 0x52C9, 0x52C9, 0x52C9, 0x52C9,
    0x5AE9, 0x5AEA, 0x5AEA, 0x5B0A, 0x5B0A, 0x630A, 0x632A, 0x632B, 0x634B,
    0x634B, 0x6B4B, 0x6B6B, 0x6B6C, 0x6B8C, 0x6B8C, 0x738C, 0x73AC, 0x73AD,
    0x73AD, 0x52A9, 0x630A, 0x6B6C, 0x7BCD, 0x7BCD, 0x7BCD, 0x7BCD, 0x7BED,
    0x7BED, 0x7BED, 0x7BED, 0x7BED, 0x7BED, 0x7BED, 0x7BEE, 0x7BEE, 0x7BEE,
    0x7BEE, 0x7C0E, 0x840E, 0x840E, 0x7C0E, 0x840E, 0x840E, 0x840E, 0x842F,
    0x842F, 0x842F, 0x842F, 0x842F, 0x842F, 0x844F, 0x844F, 0x844F, 0x8450,
    0x8450, 0x8450, 0x8450, 0x8470, 0x8471, 0x8471, 0x8471, 0x8471, 0x8491,
    0x8C91, 0x8C91, 0x8C91, 0x8C91, 0x8C91, 0x8CB2, 0x8CB2, 0x8CB2, 0x8CB2,
    0x8CB2, 0x8CB2, 0x8CB2, 0x8CB2, 0x8CB2, 0x8CD2, 0x9471, 0xA28A, 0xA28B,
    0xAAAB, 0xCCCC, 0xC4CC, 0xAB8B, 0xCD0D, 0xB3AC, 0xBC2D, 0xC4CD, 0xBC6D,
    0xA30D, 0xB3EE, 0xC4F1, 0xABAF, 0xAB6F, 0xC4D1, 0xAC11, 0xB471, 0xABF2,
    0xB433, 0xB453, 0xAC54, 0xE6B9, 0xE6B9, 0xC5D6, 0x7BAF, 0x6B4E, 0x8410,
    0xAD13, 0x83AE, 0xA4B2, 0x9451, 0xBD74, 0x9C50, 0x940F, 0x940F, 0x940F,
    0x940F, 0x940F, 0x8C0F, 0x8C0E, 0x8BEE, 0x8BEE, 0x8BEE, 0x8BCE, 0x8BCD,
    0x83AD, 0x83AD, 0x83AD, 0x7B8C, 0x7B6C, 0x7B6B, 0x7B4B, 0x732B, 0x732A,
    0x730A, 0x730A, 0x6AE9, 0x6AE9, 0x6AE9, 0x62A8, 0x6268, 0x5A27, 0x49C6,
    0x49A5, 0x3124, 0x3144, 0x3144, 0x3964, 0x3124, 0x3103, 0x3124, 0x3123,
    0x41A5, 0x4185, 0x5227, 0x5AA9, 0x52C9, 0x52C9, 0x5AC9, 0x5AC9, 0x5AE9,
    0x5AEA, 0x5AEA, 0x5B0A, 0x630A, 0x632A, 0x632B, 0x632B, 0x634B, 0x6B4B,
    0x6B6B, 0x6B6C, 0x6B8C, 0x6B8C, 0x73AC, 0x73CD, 0x73CD, 0x73AD, 0x4A88,
    0x5AEA, 0x6B6C, 0x7BCD, 0x7BCD, 0x7BCD, 0x7BED, 0x7BCD, 0x7BED, 0x7BED,
    0x7BED, 0x7BED, 0x7BED, 0x7BED, 0x7BEE, 0x7BEE, 0x7BEE, 0x7BEE, 0x7BEE,
    0x7C0E, 0x840E, 0x840E, 0x840E, 0x840E, 0x840E, 0x840E, 0x842F, 0x842F,
    0x842F, 0x842F, 0x842F, 0x844F, 0x844F, 0x844F, 0x8450, 0x8450, 0x8450,
    0x8450, 0x8470, 0x8471, 0x8471, 0x8471, 0x8471, 0x8491, 0x8C91, 0x8C91,
    0x8C91, 0x8C91, 0x8CB2, 0x8CB2, 0x8CB2, 0x8CB2, 0x8CB2, 0x8CB2, 0x8CB2,
    0x8CD2, 0x8CD2, 0x8CD2, 0x8CD2, 0x9451, 0xA26B, 0xAB0B, 0xCCED, 0xB3AB,
    0xAB4B, 0xCCED, 0xAB8C, 0xAB4C, 0xAB2C, 0xAB0D, 0xAB2D, 0xA30D, 0xA32E,
    0xA34F, 0xAB6F, 0xABD0, 0xAB90, 0xB493, 0xB4D4, 0xB494, 0xB413, 0xB433,
    0xB474, 0xE6B9, 0xE6B9, 0xCDF7, 0x7BF0, 0x6B6F, 0x8C51, 0xB554, 0x8BCF,
    0xACF3, 0x9471, 0xBD74, 0x9C70, 0x940F, 0x940F, 0x8C0E, 0x8C0E, 0x8C0E,
    0x8BEE, 0x8BEE, 0x8BEE, 0x8BCE, 0x8BCD, 0x83CD, 0x8BCD, 0x83AD, 0x83AD,
    0x838C, 0x7B8C, 0x7B6C, 0x7B6B, 0x7B4B, 0x7B4B, 0x732A, 0x730A, 0x730A,
    0x7309, 0x6AE9, 0x6AE9, 0x6AA9, 0x51E6, 0x4165, 0x3144, 0x3124, 0x3124,
    0x3124, 0x28E3, 0x28E3, 0x2923, 0x3144, 0x3144, 0x3124, 0x3144, 0x3964,
    0x3144, 0x41A5, 0x5288, 0x52C9, 0x52C9, 0x5AC9, 0x5AE9, 0x5AEA, 0x5AEA,
    0x5B0A, 0x5B0A, 0x632A, 0x632B, 0x632B, 0x634B, 0x6B4B, 0x6B6B, 0x6B6C,
    0x6B8C, 0x6B6C, 0x73AC, 0x73CD, 0x73CD, 0x73AD, 0x4A88, 0x5AEA, 0x6B6C,
    0x7BCD, 0x7BCD, 0x7BCD, 0x7BED, 0x7BCD, 0x7BCD, 0x7BED, 0x7BCD, 0x7BED,
    0x7BED, 0x7BED, 0x7BED, 0x7BED, 0x7BED, 0x7BED, 0x7BEE, 0x7BEE, 0x7C0E,
    0x840E, 0x840E, 0x840E, 0x840E, 0x842F, 0x840E, 0x842F, 0x842F, 0x842F,
    0x844F, 0x844F, 0x844F, 0x8450, 0x8450, 0x8450, 0x8450, 0x8470, 0x8470,
    0x8471, 0x8471, 0x8471, 0x8491, 0x8491, 0x8C91, 0x8C91, 0x8C91, 0x8C91,
    0x8CB2, 0x8CB2, 0x8CB2, 0x8CB2, 0x8CB2, 0x8CB2, 0x8CB2, 0x8CD2, 0x8CD2,
    0x8CD2, 0x8CD2, 0x9451, 0xA26B, 0xA26B, 0xA26B, 0xA28B, 0xA28B, 0xA28B,
    0xA2EC, 0xB471, 0xAB4E, 0xAB0D, 0xBC31, 0xB3AF, 0xC534, 0xD618, 0xBCF4,
    0xC576, 0xBD14, 0xCDD7, 0xD639, 0xB473, 0xB433, 0xB453, 0xB474, 0xE6B9,
    0xEED9, 0xCDF7, 0x83F0, 0x738F, 0x9472, 0xB575, 0x8BCF, 0xB534, 0x9471,
    0xBD74, 0x9C70, 0x940F, 0x940F, 0x8C0E, 0x8C0E, 0x8BEE, 0x8BEE, 0x8BEE,
    0x8BCE, 0x83CD, 0x83CD, 0x83AD, 0x83AD, 0x83AD, 0x838D, 0x838C, 0x7B6C,
    0x7B6C, 0x7B4B, 0x7B4B, 0x7B4B, 0x732A, 0x732A, 0x730A, 0x730A, 0x72E9,
    0x6AC9, 0x5A07, 0x51C6, 0x3144, 0x3964, 0x3124, 0x2904, 0x28E3, 0x20C2,
    0x20C3, 0x18A2, 0x20E3, 0x2903, 0x20E3, 0x2903, 0x28E3, 0x28E3, 0x2903,
    0x3985, 0x5288, 0x52C9, 0x5AC9, 0x5AE9, 0x5AE9, 0x5AEA, 0x5B0A, 0x5B0A,
    0x632A, 0x632A, 0x632B, 0x634B, 0x6B4B, 0x6B6B, 0x6B6C, 0x6B8C, 0x6B8C,
    0x73AC, 0x73AD, 0x73AD, 0x73AD, 0x4A88, 0x5AEA, 0x6B6B, 0x7BCD, 0x7BCD,
    0x7BCD, 0x7BCD, 0x7BCD, 0x7BCD, 0x7BCD, 0x7BCD, 0x7BCD, 0x7BCD, 0x7BCD,
    0x7BCD, 0x7BED, 0x7BED, 0x7BCD, 0x7BED, 0x7BEE, 0x7BEE, 0x7C0E, 0x840E,
    0x840E, 0x840E, 0x842F, 0x842F, 0x842F, 0x842F, 0x842F, 0x844F, 0x8450,
    0x8450, 0x8450, 0x8450, 0x8470, 0x8470, 0x8470, 0x8471, 0x8471, 0x8471,
    0x8471, 0x8471, 0x8491, 0x8C91, 0x8C91, 0x8C91, 0x8CB2, 0x8CB2, 0x8CB2,
    0x8CB2, 0x8CB2, 0x8CB2, 0x8CB2, 0x8CB2, 0x8CD2, 0x8CD2, 0x8CD2, 0x8CD2,
    0x9451, 0xAAAB, 0xAACB, 0xAACC, 0xAACC, 0xAACC, 0xAACC, 0xAB6E, 0xD5F7,
    0xC4F4, 0xB3AF, 0xD5F7, 0xB3F0, 0xC555, 0xCDF7, 0xC555, 0xC576, 0xD659,
    0xCDF8, 0xBD15, 0xC597, 0xB433, 0xB453, 0xB474, 0xEEB9, 0xEED9, 0xCDF6,
    0x83F0, 0x738F, 0x9472, 0xBD95, 0x93EF, 0xBD95, 0x9C71, 0xBD74, 0x9C70,
    0x942F, 0x940F, 0x8C0E, 0x8C0E, 0x8BEE, 0x8BCE, 0x8BCD, 0x8BCD, 0x83AD,
    0x83AD, 0x83AD, 0x83AD, 0x838C, 0x838C, 0x838C, 0x7B6C, 0x7B6B, 0x7B4B,
    0x7B4B, 0x732B, 0x732A, 0x732A, 0x730A, 0x730A, 0x6AC9, 0x5A27, 0x49C6,
    0x5228, 0x3964, 0x3965, 0x3124, 0x2903, 0x28E3, 0x20C3, 0x2903, 0x20C2,
    0x20E3, 0x20C2, 0x18A2, 0x20C2, 0x20C2, 0x20C2, 0x20E3, 0x2903, 0x3144,
    0x5288, 0x5AC9, 0x5AC9, 0x5AE9, 0x5AEA, 0x5B0A, 0x5B0A, 0x632A, 0x632A,
    0x632B, 0x634B, 0x634B, 0x6B6B, 0x6B6C, 0x6B8C, 0x6B6C, 0x8BEC, 0x940C,
    0xA44D, 0x9C2D, 0x4A88, 0x5AEA, 0x6B4B, 0x73AD, 0x7BCD, 0x7BCD, 0x7BCD,
    0x7BCD, 0x7BCD, 0x7BCD, 0x7BCD, 0x7BCD, 0x7BCD, 0x7BCD, 0x7BCD, 0x7BCD,
    0x7BCD, 0x7BCD, 0x7BCD, 0x7BED, 0x7BEE, 0x7C0E, 0x840E, 0x842E, 0x840E,
    0x840E, 0x842F, 0x844F, 0x842F, 0x842F, 0x844F, 0x844F, 0x8450, 0x8450,
    0x8450, 0x8450, 0x8470, 0x8471, 0x8471, 0x8471, 0x8471, 0x8470, 0x8471,
    0x8491, 0x8C91, 0x8491, 0x8C91, 0x8CB2, 0x8CB2, 0x8CB2, 0x8CB2, 0x8CB2,
    0x8CB2, 0x8CD2, 0x8CD2, 0x8CD2, 0x8CD2, 0x8CD2, 0x8CD2, 0x9471, 0xB2EC,
    0xB2EC, 0xAACC, 0xAACC, 0xAAEC, 0xAAEC, 0xBBAF, 0xDE79, 0xCD55, 0xCD75,
    0xDE79, 0xCD13, 0xCD96, 0xC596, 0xCDD7, 0xC596, 0xBD15, 0xC576, 0xD639,
    0xBD15, 0xB433, 0xB453, 0xB474, 0xE698, 0xE6B8, 0xCDF6, 0x7BD0, 0x738F,
    0x9492, 0xC5D6, 0x9410, 0xC5D6, 0x9CB2, 0xBD74, 0x9C70, 0x942F, 0x940F,
    0x940E, 0x8BEE, 0x8BEE, 0x8BCE, 0x8BCD, 0x83AD, 0x83AD, 0x83AC, 0x838C,
    0x838C, 0x838C, 0x838C, 0x7B6C, 0x7B6C, 0x7B6B, 0x7B4B, 0x7B4B, 0x732B,
    0x732A, 0x732A, 0x730A, 0x730A, 0x6247, 0x49C6, 0x41A5, 0x4185, 0x4185,
    0x3965, 0x3104, 0x2903, 0x2903, 0x3124, 0x3103, 0x28E3, 0x28E3, 0x20C2,
    0x20A2, 0x18A2, 0x20C2, 0x1882, 0x20C2, 0x20E3, 0x2903, 0x3985, 0x5288,
    0x52C9, 0x5AC9, 0x5AE9, 0x5AEA, 0x5B0A, 0x5B0A, 0x632A, 0x632B, 0x634B,
    0x634B, 0x6B6B, 0x6B6C, 0x6B6C, 0x6B6C, 0xB4AE, 0xBCCE, 0xC510, 0xB4CE,
    0x4A88, 0x5AEA, 0x634B, 0x73AD, 0x7BAD, 0x7BAD, 0x7BAD, 0x7BAD, 0x7BAC,
    0x7BAD, 0x7BAD, 0x7BAD, 0x7BAD, 0x7BCD, 0x7BCD, 0x7BCD, 0x7BCD, 0x7BCD,
    0x7BCD, 0x7BEE, 0x7BEE, 0x840E, 0x840E, 0x840E, 0x842F, 0x8C2F, 0x840E,
    0x842F, 0x844F, 0x8450, 0x8450, 0x8450, 0x8450, 0x8450, 0x8450, 0x8450,
    0x8470, 0x8471, 0x8471, 0x8471, 0x8471, 0x8471, 0x8491, 0x8491, 0x8C91,
    0x8491, 0x8C91, 0x8CB1, 0x8CB2, 0x8CB2, 0x8CB2, 0x8CB2, 0x8CB2, 0x8CD2,
    0x8CD2, 0x8CD2, 0x8CD2, 0x8CD2, 0x8CD2, 0x9C71, 0xB2EC, 0xB2EC, 0xB2EC,
    0xB2EC, 0xB30C, 0xBB2D, 0xC3EF, 0xCD34, 0xD596, 0xCD75, 0xC472, 0xCD14,
    0xBC92, 0xC515, 0xB3F1, 0xB411, 0xB3F1, 0xABD1, 0xABF1, 0xB412, 0xB433,
    0xB453, 0xB474, 0xE698, 0xE698, 0xCDF6, 0x7BAF, 0x738F, 0x9C92, 0xC5D6,
    0x9410, 0xC5F7, 0xA4B2, 0xBD74, 0x9C70, 0x942F, 0x942F, 0x940F, 0x93EE,
    0x8BEE, 0x8BEE, 0x8BCD, 0x83AD, 0x838C, 0x838C, 0x838C, 0x838C, 0x7B6C,
    0x7B6C, 0x7B6C, 0x7B6B, 0x7B4B, 0x7B4B, 0x732B, 0x732A, 0x732A, 0x732A,
    0x730A, 0x72C9, 0x5A27, 0x49C6, 0x49A6, 0x41A5, 0x4185, 0x3944, 0x3944,
    0x3124, 0x3944, 0x3944, 0x3944, 0x3944, 0x3103, 0x28E3, 0x28E3, 0x18A2,
    0x1882, 0x18A2, 0x20C2, 0x20C2, 0x20E2, 0x2903, 0x41E6, 0x52A9, 0x52C9,
    0x5AC9, 0x5AE9, 0x5AEA, 0x5B0A, 0x630A, 0x632A, 0x632B, 0x634B, 0x6B4B,
    0x6B6C, 0x6B6B, 0x6B6B, 0xAC8D, 0xAC4D, 0xBCCE, 0xAC6D, 0x4A88, 0x5AE9,
    0x6B4B, 0x73AC, 0x73AD, 0x73AC, 0x7BAC, 0x73AC, 0x73AC, 0x73AC, 0x7BAC,
    0x7BAC, 0x7BAC, 0x7BCD, 0x7BCD, 0x7BCD, 0x7BCD, 0x7BCD, 0x7BED, 0x7BED,
    0x840E, 0x842E, 0x7BCD, 0x7B2B, 0x838C, 0x6B0A, 0x62C9, 0x5AA9, 0x62C9,
    0x6B0A, 0x738C, 0x7BCE, 0x842F, 0x8450, 0x8450, 0x8470, 0x8470, 0x8C71,
    0x8C71, 0x8471, 0x8471, 0x8471, 0x8491, 0x8C91, 0x8C91, 0x8C91, 0x8C91,
    0x8CB2, 0x8CB2, 0x8CB2, 0x8CB2, 0x8CB2, 0x8CB2, 0x8CD2, 0x8CD2, 0x8CD2,
    0x8CD2, 0x8CD2, 0x8CD3, 0x9C71, 0xBB2C, 0xBB2C, 0xBB2C, 0xBB4D, 0xC36D,
    0xC36D, 0xBB6D, 0xBB8E, 0xBB6E, 0xB36E, 0xB36F, 0xB36E, 0xAB4E, 0xC432,
    0xB390, 0xB390, 0xB3B0, 0xB3D1, 0xB3F1, 0xB412, 0xB433, 0xB453, 0xB494,
    0xE698, 0xE698, 0xCDF6, 0x7BAF, 0x736E, 0x9C92, 0xC5D6, 0x93F0, 0xCE17,
    0xA4D2, 0xBD74, 0x9C70, 0x942F, 0x942F, 0x940F, 0x940E, 0x93EE, 0x8BCE,
    0x8BCD, 0x83AD, 0x838C, 0x838C, 0x838C, 0x836C, 0x7B6C, 0x7B4B, 0x7B4B,
    0x7B4B, 0x7B4B, 0x7B2B, 0x732A, 0x732A, 0x732A, 0x730A, 0x730A, 0x6A88,
    0x51E6, 0x51E6, 0x51E6, 0x5A27, 0x49A5, 0x4985, 0x49A5, 0x4985, 0x4184,
    0x4164, 0x3944, 0x3944, 0x3923, 0x3103, 0x28E3, 0x18A2, 0x18A2, 0x18A2,
    0x20C2, 0x20C2, 0x2903, 0x20E2, 0x2923, 0x5268, 0x52C9, 0x52C9, 0x5AC9,
    0x5AE9, 0x5AEA, 0x5B0A, 0x630A, 0x632A, 0x634B, 0x6B4B, 0x6B6B, 0x6B6B,
    0x6B4B, 0xA44D, 0xA42C, 0xA42C, 0xA44C, 0x4A88, 0x5AEA, 0x634B, 0x738C,
    0x73AC, 0x73AC, 0x73AC, 0x73AC, 0x73AC, 0x73AC, 0x7BCD, 0x73AC, 0x7BAC,
    0x7BAD, 0x7BCD, 0x7BCD, 0x7BCD, 0x7BCD, 0x7BED, 0x7BED, 0x840E, 0x840E,
    0x730A, 0x72A9, 0x6A88, 0x72C8, 0x7B09, 0x72A8, 0x5A26, 0x5A26, 0x5226,
    0x62A8, 0x6B4B, 0x7BEE, 0x8C50, 0x8C70, 0x8450, 0x8C71, 0x8C71, 0x8491,
    0x8491, 0x8491, 0x8C91, 0x8C91, 0x8C91, 0x8CB1, 0x8CB2, 0x8CB2, 0x8CB2,
    0x8CB2, 0x8CB2, 0x8CB2, 0x8CB2, 0x8CD2, 0x8CD2, 0x8CD2, 0x8CD2, 0x8CD2,
    0x8CD2, 0x9C92, 0xC36D, 0xC36D, 0xC36D, 0xC38D, 0xC38D, 0xC36D, 0xBB4D,
    0xBB6E, 0xBBAF, 0xB38F, 0xB38F, 0xB3AF, 0xB3D0, 0xCCF4, 0xBC93, 0xC4D4,
    0xBC73, 0xBCB4, 0xBCD4, 0xBCF5, 0xBCB4, 0xBD36, 0xBD16, 0xE698, 0xE6B8,
    0xD5F7, 0x83D0, 0x736E, 0x9C92, 0xC5D6, 0x93EF, 0xCE38, 0xA4D2, 0xBD74,
    0x9C70, 0x9C2F, 0x942F, 0x940F, 0x940E, 0x93EE, 0x8BEE, 0x8BCD, 0x8BAD,
    0x838C, 0x838C, 0x836C, 0x836C, 0x7B6C, 0x7B4B, 0x7B4B, 0x7B2B, 0x7B2B,
    0x732A, 0x732A, 0x732A, 0x730A, 0x730A, 0x72E9, 0x6227, 0x5A07, 0x6247,
    0x72A8, 0x6A27, 0x6A47, 0x6206, 0x6206, 0x6206, 0x51C5, 0x49A4, 0x51C5,
    0x4985, 0x4984, 0x3924, 0x3103, 0x28E3, 0x20C2, 0x20C2, 0x20C2, 0x28E3,
    0x2903, 0x28E3, 0x2903, 0x4A06, 0x5AA8, 0x52A9, 0x52C9, 0x5AC9, 0x5AE9,
    0x5AEA, 0x5B0A, 0x630A, 0x632B, 0x634B, 0x6B4B, 0x6B4B, 0x634B, 0x838A,
    0x7B08, 0xAC8D, 0xA46D, 0x4A88, 0x5AEA, 0x6B4B, 0x6B8C, 0x738C, 0x738C,
    0x73AC, 0x73AC, 0x73AC, 0x73AC, 0x7BCD, 0x73AC, 0x73AC, 0x73AC, 0x7BCD,
    0x7BCD, 0x7BCD, 0x7BCD, 0x7BED, 0x83EE, 0x7BCD, 0x7B6C, 0x72C9, 0x72A8,
    0x9BCC, 0x7288, 0x7AC8, 0x8309, 0x8B4A, 0x7AA8, 0x6A87, 0x6A67, 0x6AA8,
    0x62C9, 0x7BCD, 0x8C50, 0x8450, 0x8C71, 0x8C91, 0x8491, 0x8C91, 0x8C91,
    0x8C91, 0x8C91, 0x8CB1, 0x8CB1, 0x8CB2, 0x8CB2, 0x8CB2, 0x8CB2, 0x8CB2,
    0x8CB2, 0x8CB2, 0x8CD2, 0x8CD2, 0x8CD2, 0x8CD2, 0x8CD2, 0x8CD2, 0xA4D3,
    0xBB8E, 0xC3AD, 0xCC2F, 0xD491, 0xCC30, 0xCCB2, 0xC451, 0xCC72, 0xC472,
    0xCCD3, 0xCCB2, 0xCC92, 0xBBF0, 0xD535, 0xBC73, 0xBC32, 0xBC52, 0xB432,
    0xB432, 0xB432, 0xB433, 0xB453, 0xAC74, 0xE698, 0xE6B8, 0xD617, 0x83F0,
    0x7B8F, 0x9CB2, 0xC5D6, 0x93EF, 0xD658, 0xA4F2, 0xBD74, 0x9C70, 0x942F,
    0x942F, 0x940F, 0x940E, 0x93EE, 0x8BEE, 0x8BCD, 0x8BCD, 0x83AD, 0x838C,
    0x836C, 0x7B6C, 0x7B4B, 0x7B4B, 0x7B2B, 0x732B, 0x732B, 0x730A, 0x730A,
    0x730A, 0x730A, 0x730A, 0x7AC9, 0x6248, 0x6247, 0x72A8, 0x934A, 0xA36A,
    0xA36A, 0xA34A, 0x9309, 0x9B09, 0x82A8, 0x6A06, 0x6A06, 0x6A26, 0x51A5,
    0x3944, 0x4144, 0x3103, 0x3103, 0x3103, 0x28E3, 0x2903, 0x3943, 0x3143,
    0x28E2, 0x3143, 0x62C8, 0x62C8, 0x5AA8, 0x5A88, 0x5A88, 0x5AC9, 0x5AE9,
    0x5B0A, 0x632A, 0x632B, 0x634B, 0x634B, 0x632B, 0x834A, 0x72E8, 0xB4AE,
    0xAC8E, 0x4A88, 0x5AEA, 0x6B4B, 0x6B8C, 0x6B8C, 0x6B8C, 0x6B8C, 0x738C,
    0x738C, 0x738C, 0x73AC, 0x73AC, 0x73AC, 0x73AC, 0x73CD, 0x7BCD, 0x7BCD,
    0x7BED, 0x7BED, 0x840E, 0x8BCD, 0x8B6B, 0x7AC9, 0x7AE9, 0x8309, 0x82C8,
    0x9B4A, 0x9B4A, 0x9B6A, 0x7A67, 0x6A47, 0x6247, 0x6247, 0x5A47, 0x6AC9,
    0x7BCD, 0x8C50, 0x8C71, 0x8C91, 0x8C91, 0x8C91, 0x8C91, 0x8C91, 0x8C91,
    0x8C91, 0x8CB1, 0x8CB2, 0x8CB2, 0x8CB2, 0x8CB2, 0x8CB2, 0x8CB2, 0x8CD2,
    0x8CD2, 0x8CD2, 0x8CD3, 0x8CD2, 0x8CD3, 0x8CD3, 0xB534, 0xBBAE, 0xCC2F,
    0xCC0F, 0xCC0F, 0xC40F, 0xBB6E, 0xBB6E, 0xB36E, 0xB32D, 0xBB8E, 0xBBAF,
    0xCC30, 0xB3AF, 0xD535, 0xBC72, 0xBC72, 0xC4F4, 0xBC73, 0xC515, 0xC515,
    0xC536, 0xBD36, 0xB474, 0xE678, 0xE698, 0xD617, 0x8C10, 0x7BAF, 0xA4B3,
    0xC5D6, 0x9C10, 0xD658, 0xA4F2, 0xACF3, 0x9C50, 0x942F, 0x942F, 0x940E,
    0x940E, 0x93EE, 0x8BEE, 0x8BCD, 0x8BCD, 0x83AD, 0x838C, 0x836C, 0x7B4B,
    0x7B4B, 0x7B2B, 0x732B, 0x732A, 0x730A, 0x730A, 0x730A, 0x7B6B, 0x83AC,
    0x8BAC, 0x7AEA, 0x7288, 0x8B09, 0x9B6B, 0xABCC, 0xC42D, 0xCC4D, 0xD48E,
    0xCC0C, 0xC3EB, 0xB38A, 0x9B09, 0x8AA7, 0x8267, 0x6A06, 0x5184, 0x61E5,
    0x59A4, 0x59A4, 0x4964, 0x4143, 0x4964, 0x4984, 0x3943, 0x3123, 0x3143,
    0x5A87, 0x62C8, 0x62C8, 0x62C7, 0x5A67, 0x5246, 0x5A67, 0x5AA8, 0x6309,
    0x630A, 0x632A, 0x632A, 0x630A, 0x836A, 0x8BAA, 0xAC8D, 0x9C4C, 0x4A88,
    0x5AEA, 0x6B4B, 0x6B6C, 0x6B6C, 0x6B8B, 0x6B8B, 0x6B8B, 0x6B8C, 0x6B8C,
    0x738C, 0x73AC, 0x73AC, 0x73AC, 0x73CD, 0x7BCD, 0x7BCD, 0x7BED, 0x7BED,
    0x83ED, 0x8BAC, 0x832A, 0x72A8, 0x8B09, 0x9B49, 0xBBCB, 0xC3CB, 0xC3CB,
    0xCBAA, 0xCBAA, 0xB328, 0x8A87, 0x6206, 0x49A5, 0x5A88, 0x734B, 0x83EE,
    0x8C70, 0x8C91, 0x8C91, 0x8C91, 0x8C91, 0x8C91, 0x8C91, 0x8C91, 0x8CB1,
    0x8CB2, 0x8CB2, 0x8CB2, 0x8CB2, 0x8CB2, 0x8CD2, 0x8CD2, 0x8CD2, 0x8CD2,
    0x8CD2, 0x8CD3, 0x8CD3, 0x8CD3, 0xBD76, 0xC3EF, 0xC38D, 0xC36D, 0xC36D,
    0xCC71, 0xD4D2, 0xC451, 0xC471, 0xBC31, 0xCC92, 0xCC72, 0xCCD3, 0xB3F0,
    0xD536, 0xBC32, 0xB411, 0xB411, 0xB3D1, 0xB3F1, 0xABF1, 0xB412, 0xB433,
    0xB474, 0xE698, 0xEEB8, 0xD617, 0x8C10, 0x7BAF, 0xA4D3, 0xC5D6, 0x9C30,
    0xC5D6, 0xCDD6, 0xA4B2, 0x9C50, 0x9C2F, 0x942F, 0x940E, 0x93EE, 0x93EE,
    0x8BEE, 0x8BCD, 0x8BCD, 0x83AD, 0x838C, 0x834C, 0xD4B0, 0xB3AC, 0x732B,
    0x7B2B, 0x7B6B, 0x838C, 0x8BED, 0x942E, 0x944E, 0x9C6E, 0x940D, 0x8B2A,
    0x9BAC, 0x934A, 0xA3AB, 0xC46E, 0xD46E, 0xE4CF, 0xE4AE, 0xDC8D, 0xDC4C,
    0xCBCB, 0xBB8A, 0xAB29, 0xA308, 0x8AA7, 0x8267, 0x92A7, 0x8246, 0x92A7,
    0x8266, 0x7226, 0x61E5, 0x51A4, 0x4164, 0x4184, 0x3943, 0x5226, 0x5A87,
    0x62A7, 0x62A7, 0x62A7, 0x5A87, 0x5A87, 0x5266, 0x5267, 0x5AA8, 0x5AC8,
    0x5AC8, 0x5AC8, 0x7B49, 0x7B6A, 0x7B8B, 0x7B6B, 0x4A88, 0x5AEA, 0x634B,
    0x6B6B, 0x6B6B, 0x6B8B, 0x6B6B, 0x6B8B, 0x6B8C, 0x6B8C, 0x738C, 0x73AC,
    0x73AC, 0x73CC, 0x73CD, 0x7BCD, 0x7BED, 0x7BED, 0x840E, 0x8BCC, 0x832A,
    0x7267, 0xABAB, 0xDC8D, 0xE4AD, 0xEC8D, 0xE46C, 0xE44C, 0xE42B, 0xDBEA,
    0xD3AA, 0xC389, 0xAB28, 0x7226, 0x4A07, 0x6B0A, 0x7B8C, 0x8C2F, 0x94B1,
    0x8C91, 0x8C91, 0x8C91, 0x8C91, 0x8C91, 0x8CB2, 0x8CB2, 0x8CB2, 0x8CB2,
    0x8CB2, 0x8CB2, 0x8CB2, 0x8CD2, 0x8CD2, 0x8CD2, 0x8CD2, 0x8CD2, 0x8CD3,
    0x8CD3, 0x8CD3, 0xBD76, 0xC431, 0xC38D, 0xCBAE, 0xCBCE, 0xCBCE, 0xC3AE,
    0xBB4D, 0xB32D, 0xAB0C, 0xC3CF, 0xBB8E, 0xB36E, 0xAB4E, 0xCCB4, 0xB390,
    0xB3B0, 0xB3D1, 0xB3F1, 0xB3F1, 0xB412, 0xB412, 0xB433, 0xB474, 0xE678,
    0xE698, 0xDE17, 0x9411, 0x83D0, 0xA4D3, 0xCDF7, 0x9C31, 0xC5B6, 0xC5B5,
    0xC595, 0x940F, 0x9C2F, 0x940F, 0x940E, 0x93EE, 0x93EE, 0x93EE, 0x8BCD,
    0x8BAD, 0x838D, 0x838C, 0x8B8C, 0xED11, 0xCBCB, 0x832B, 0x838C, 0x83AC,
    0x8BCC, 0x8BEC, 0x8BEC, 0x8BCC, 0x83AC, 0x8BAC, 0x934A, 0xA40D, 0x9BAC,
    0xA3CC, 0xD4EF, 0xED30, 0xED2F, 0xECEF, 0xE4AD, 0xE48D, 0xDC2C, 0xCBCB,
    0xCBCA, 0xBB69, 0xAB29, 0x9AC8, 0xBB69, 0xB308, 0xB328, 0xA308, 0x92C8,
    0x8267, 0x6205, 0x49A4, 0x49A4, 0x49A4, 0x5205, 0x6B08, 0x62C8, 0x62A7,
    0x5A66, 0x5A66, 0x5A87, 0x5267, 0x4A27, 0x5288, 0x5AC9, 0x5AC9, 0x5AC9,
    0x5AE9, 0x632A, 0x6B4B, 0x6B4B, 0x4A88, 0x5AEA, 0x634B, 0x6B6B, 0x6B6B,
    0x6B6B, 0x6B6B, 0x6B6B, 0x6B6B, 0x6B8C, 0x6B8C, 0x738C, 0x73AC, 0x73AC,
    0x73CD, 0x7BCD, 0x7BED, 0x7BED, 0x83ED, 0x8B6B, 0x82E9, 0xAB8B, 0xECEE,
    0xECAE, 0xEC8D, 0xEC6C, 0xEC6C, 0xE44C, 0xE42B, 0xDC0B, 0xD3CA, 0xCB89,
    0xBB49, 0xAB08, 0x7246, 0x4A07, 0x5AA8, 0x7BAD, 0x8C50, 0x8CB1, 0x8C91,
    0x8C91, 0x8C91, 0x8CB1, 0x8CB1, 0x8CB2, 0x8CB2, 0x8CB2, 0x8CB2, 0x8CD2,
    0x8CD2, 0x8CD2, 0x8CD2, 0x8CD2, 0x8CD3, 0x8CD3, 0x8CD3, 0x8CF3, 0x8CD3,
    0xB555, 0xC452, 0xBB6D, 0xC38D, 0xBB6D, 0xBB6D, 0xB30C, 0xAB0C, 0xB34D,
    0xB32D, 0xB34E, 0xB36E, 0xAB4E, 0xAB4E, 0xCC93, 0xB3B0, 0xB3D1, 0xB3D1,
    0xB3D1, 0xB3F1, 0xB412, 0xB432, 0xB433, 0xB474, 0xE698, 0xE698, 0xDDF7,
    0x9411, 0x83D0, 0xA4F3, 0xCDF7, 0x93F0, 0xD658, 0xC5B5, 0xC5B5, 0x940F,
    0x9C4F, 0x9C2F, 0x940E, 0x93EE, 0x93EE, 0x93CD, 0x9BEE, 0xB40E, 0x838C,
    0x836C, 0x7B2B, 0xED31, 0xCBAB, 0x934B, 0x7B6B, 0x7B6B, 0x7B6B, 0x7B4A,
    0x838B, 0x8BCC, 0x940D, 0x9C2D, 0x9B6B, 0x8B2A, 0xA3ED, 0xBC4E, 0xE552,
    0xF591, 0xF570, 0xF550, 0xED0F, 0xECCE, 0xEC6D, 0xDC4C, 0xE44C, 0xCBEA,
    0xD40B, 0xBB49, 0xD3CA, 0xD3A9, 0xC389, 0xBB49, 0xB349, 0x9B08, 0x7267,
    0x51E5, 0x49A4, 0x51C5, 0x49E5, 0x6B08, 0x6AE8, 0x62C8, 0x62C7, 0x5A87,
    0x5A66, 0x4A26, 0x5267, 0x5288, 0x52A8, 0x5AC9, 0x52C8, 0x5AE9, 0x632A,
    0x634A, 0x634B, 0x4A88, 0x5AEA, 0x6B4B, 0x6B4B, 0x6B6B, 0x6B6B, 0x6B6B,
    0x6B6B, 0x6B6B, 0x6B8B, 0x6B8C, 0x738C, 0x73AC, 0x73AC, 0x73CD, 0x7BCD,
    0x7BCD, 0x83ED, 0x8BAC, 0x8B0A, 0xA3AB, 0xE4CE, 0xECCE, 0xECAD, 0xEC8D,
    0xEC8C, 0xEC8C, 0xECAC, 0xEC6C, 0xE42B, 0xDBEA, 0xCB8A, 0xC349, 0xB329,
    0xA329, 0x7247, 0x41C6, 0x5A88, 0x83EE, 0x8C70, 0x8C71, 0x8C91, 0x8C91,
    0x8C91, 0x8CB1, 0x8CB1, 0x8CB2, 0x8CB2, 0x8CB2, 0x8CB2, 0x8CB2, 0x8CB2,
    0xB491, 0xB470, 0x8CD2, 0x8CD3, 0x8CD2, 0x8CD3, 0x8CD3, 0xB575, 0xCC92,
    0xBB4D, 0xB30D, 0xB30D, 0xB30C, 0xAACC, 0xAB0D, 0xBB6E, 0xB34D, 0xB34E,
    0xB36E, 0xAB4E, 0xAB4E, 0xC473, 0xB3B0, 0xB3B0, 0xABB0, 0xABD1, 0xABF1,
    0xAC32, 0xAC53, 0xAC94, 0xACD5, 0xE698, 0xE6B8, 0xDE17, 0x9451, 0x8BF0,
    0xACF3, 0xCDF6, 0x9410, 0xD679, 0xCDB5, 0xCDD6, 0x8BEF, 0x9C4F, 0x9C2F,
    0x940E, 0x93EE, 0x93EE, 0x93CD, 0xDD11, 0xDC2E, 0xA3AC, 0x836C, 0x7B2B,
    0xED72, 0xCBCB, 0x932A, 0x7B4A, 0x838B, 0x93EC, 0xDC6E, 0xABAC, 0x940D,
    0x944D, 0xA44E, 0x9B8B, 0x832A, 0x9BAC, 0xBC6F, 0xE593, 0xF5B3, 0xF551,
    0xED30, 0xECEF, 0xECAE, 0xEC8D, 0xE46C, 0xE46C, 0xE46C, 0xE46C, 0xE46C,
    0xE44B, 0xDC0B, 0xD3EA, 0xCBCA, 0xC38A, 0xB389, 0x8AE8, 0x51C5, 0x49A4,
    0x49A5, 0x49C5, 0x6AC8, 0x62C8, 0x62C8, 0x62A7, 0x62A7, 0x62A7, 0x5246,
    0x5287, 0x5288, 0x52A8, 0x5AC8, 0x5AC9, 0x5B0A, 0x632A, 0x632A, 0x632A,
    0x4A88, 0x5AEA, 0x634B, 0x6B4B, 0x6B6B, 0x6B6B, 0x6B6B, 0x6B6B, 0x6B6B,
    0x6B8B, 0x6B8C, 0x738C, 0x73AC, 0x73AC, 0x73CD, 0x7BCD, 0x7BCD, 0x83CD,
    0x7B0A, 0x934B, 0xCC6E, 0xECEF, 0xF530, 0xF4EE, 0xECAD, 0xF4CD, 0xF4CD,
    0xECAD, 0xEC8C, 0xE44B, 0xDBEA, 0xD3AA, 0xC349, 0xBB29, 0xB349, 0xA329,
    0x6247, 0x4A07, 0x6B2A, 0x8C0E, 0x8C90, 0x8C91, 0x8C91, 0x8C91, 0x8C91,
    0x8C91, 0x8CB2, 0x8CB2, 0x8CB2, 0x8CB2, 0x8CB2, 0xA4B1, 0xE490, 0xCBED,
    0x94F3, 0x8CD2, 0x8CD2, 0x8CD2, 0x8CD3, 0xBDB6, 0xCCD4, 0xB32D, 0xAAEC,
    0xAAEC, 0xAB0D, 0xA30C, 0xB3AF, 0xABCF, 0xABCF, 0xA3F0, 0xA431, 0xA431,
    0xA451, 0xACB3, 0xA4B2, 0xA4D3, 0xA4F3, 0xA514, 0xAD34, 0xAD35, 0xAD55,
    0xAD55, 0xAD76, 0xE678, 0xEE98, 0xDE17, 0xA472, 0x9431, 0xAD14, 0xCDF6,
    0x9430, 0xDE99, 0xCDD5, 0xD5F6, 0x940F, 0x9C4F, 0x9C2F, 0x940E, 0x93EE,
    0x93ED, 0x93CD, 0xD4F1, 0xE46E, 0xBBCC, 0x836B, 0x7B2B, 0xE572, 0xD42C,
    0xA36B, 0x7B6B, 0x838B, 0xA40C, 0xDC2C, 0xB34A, 0x8BCC, 0x8BEC, 0x9C0D,
    0xA3CD, 0x9BCD, 0x9BAC, 0xC48F, 0xED93, 0xEDB4, 0xED51, 0xE4EF, 0xE4AF,
    0xE46D, 0xDC2C, 0xDC0B, 0xE42C, 0xE44B, 0xE46C, 0xE44C, 0xE42B, 0xDC0B,
    0xD3CA, 0xCBCA, 0xC3AA, 0xBB8A, 0xA34A, 0x6A26, 0x49A4, 0x49C5, 0x49C5,
    0x6AE8, 0x6AC8, 0x62A7, 0x5A87, 0x5A87, 0x5A87, 0x5266, 0x5287, 0x5288,
    0x52A8, 0x52A8, 0x5AA8, 0x5AE9, 0x632A, 0x632A, 0x632A, 0x4A88, 0x5AEA,
    0x634B, 0x6B4B, 0x6B4B, 0x6B4B, 0x6B6B, 0x6B6B, 0x6B6B, 0x6B6B, 0x6B8C,
    0x738C, 0x73AC, 0x73AC, 0x7BED, 0x7BCD, 0x7BAC, 0x838C, 0x7AC9, 0x9B6A,
    0xE4CF, 0xED30, 0xF572, 0xF50F, 0xECAE, 0xECAD, 0xECAD, 0xECAD, 0xEC8C,
    0xE44B, 0xDBEA, 0xD3AA, 0xC349, 0xBB29, 0xB349, 0xAB8B, 0x82C9, 0x4A07,
    0x5268, 0x83EE, 0x8C4F, 0x8C91, 0x8C91, 0x8C91, 0x8C91, 0x8C91, 0x8CB2,
    0x8CB2, 0x8CB2, 0x8CB2, 0x8CB2, 0xC4B1, 0xE490, 0xBC2F, 0x8CB2, 0x8CD2,
    0x94F3, 0x8CB2, 0x94B2, 0xAD13, 0xB4D3, 0xA450, 0x9C30, 0xA450, 0xACD2,
    0xA4B1, 0xA470, 0xA491, 0xA4B1, 0xA491, 0xA4B1, 0xA4B1, 0xA4D2, 0xA4D2,
    0x9CB2, 0x9CD2, 0x9CD3, 0x9D14, 0x9D34, 0xA555, 0xA576, 0xA597, 0xA5B7,
    0xE678, 0xEEB8, 0xE617, 0xA492, 0x9C31, 0xB534, 0xCDF7, 0x9451, 0xCE38,
    0xCDF6, 0xCDD6, 0x940F, 0x9C50, 0x9C2F, 0x9C0F, 0x940E, 0x93CD, 0x93CD,
    0xBCB0, 0xE4AF, 0xCBEC, 0x834B, 0x7B2B, 0xDD11, 0xD44D, 0xAB8B, 0x732A,
    0x730A, 0xABEC, 0xD40B, 0xB34A, 0x83AC, 0x8BED, 0x9C2F, 0xAC0E, 0x9BAC,
    0x9BAC, 0xCCB0, 0xE573, 0xED93, 0xED72, 0xE4CF, 0xE48E, 0xE46D, 0xDC0C,
    0xDC0B, 0xDBEB, 0xDC2B, 0xE44C, 0xDC0B, 0xD3EB, 0xD3CA, 0xCBAA, 0xCBAA,
    0xC3AA, 0xBB8A, 0xAB8B, 0x7246, 0x51C5, 0x49A5, 0x51E6, 0x6B08, 0x6B08,
    0x6AE8, 0x6AC7, 0x62A7, 0x62A7, 0x5246, 0x5287, 0x52A8, 0x52A8, 0x52A8,
    0x52A8, 0x5AE9, 0x632A, 0x632A, 0x632A, 0x4A88, 0x5AEA, 0x634B, 0x634B,
    0x634B, 0x634B, 0x6B4B, 0x6B4B, 0x6B6B, 0x6B6B, 0x6B8B, 0x6B8C, 0x738C,
    0x738C, 0x840E, 0x83ED, 0x8BCD, 0x7AE9, 0x7288, 0xC42D, 0xED10, 0xF531,
    0xF593, 0xED10, 0xECAE, 0xECAD, 0xEC8D, 0xEC8C, 0xE46C, 0xE44B, 0xDC0B,
    0xD3AA, 0xC369, 0xBB49, 0xB349, 0xB38B, 0x934A, 0x5A88, 0x4A07, 0x736C,
    0x840E, 0x8C70, 0x8C91, 0x94B1, 0x8C70, 0x8C71, 0x94B1, 0x9470, 0xA42F,
    0x9C2F, 0x9C70, 0xE490, 0xDC2E, 0xB44F, 0xA470, 0xACB0, 0xAC91, 0x9C2F,
    0x9C2F, 0x9C70, 0x944F, 0x9450, 0x9470, 0x9C91, 0x9CD2, 0xA513, 0xA514,
    0xAD54, 0xAD54, 0xAD55, 0xAD75, 0xB596, 0xB5B6, 0xBDD7, 0xBDF7, 0xC618,
    0xC618, 0xC638, 0xBE38, 0xBE39, 0xBE39, 0xBE39, 0xBE39, 0xEE78, 0xEE98,
    0xE617, 0xACB3, 0xA452, 0xBD35, 0xCDD6, 0xA492, 0xD679, 0xBD95, 0xBD54,
    0xA470, 0xA450, 0x9C4F, 0x9C2F, 0x93EE, 0x93CD, 0x93CD, 0xA42F, 0xE531,
    0xD44D, 0x938B, 0x7B4B, 0xDD31, 0xDC4D, 0xBBCB, 0x6268, 0x834B, 0xB40C,
    0xDC4C, 0xB38A, 0x8BCC, 0x8BCD, 0x93CE, 0xA3ED, 0x8B2B, 0x8B2A, 0xDD11,
    0xE552, 0xED93, 0xE552, 0xE4CF, 0xE4AF, 0xE48E, 0xDC2C, 0xDC2C, 0xDC0B,
    0xE44C, 0xE42C, 0xDBEB, 0xD3CA, 0xD3CA, 0xCBAA, 0xCB8A, 0xC389, 0xBBAB,
    0xB3ED, 0x82C9, 0x51C5, 0x5227, 0x5206, 0x7309, 0x6B08, 0x6AE8, 0x6AE8,
    0x6AC7, 0x6AC7, 0x5246, 0x5287, 0x5AA8, 0x5AA8, 0x5AA8, 0x52A8, 0x5AC9,
    0x630A, 0x632A, 0x632A, 0x4A88, 0x5AEA, 0x634A, 0x634B, 0x634B, 0x634B,
    0x6B4B, 0x6B4B, 0x6B6B, 0x6B6B, 0x6B6B, 0x738C, 0x6B8C, 0x73AC, 0x7BCC,
    0x7BAC, 0x7B2A, 0x7AC9, 0x82E9, 0xDCCF, 0xED10, 0xF531, 0xF593, 0xED10,
    0xECAE, 0xECAD, 0xEC8C, 0xECAD, 0xEC8D, 0xE44C, 0xE42B, 0xD3AA, 0xC369,
    0xC349, 0xB369, 0xB3AC, 0x934B, 0x6AC9, 0x5268, 0x6B0A, 0x944F, 0x9C8F,
    0x9C2E, 0xA44F, 0xA44F, 0x9C2E, 0x9C4F, 0xA42E, 0xCBAC, 0xB3EE, 0xAC50,
    0xE490, 0xCC0E, 0xACB1, 0xA4F2, 0xA513, 0xAD13, 0xAD34, 0xB575, 0xBD95,
    0xBDB6, 0xBDB6, 0xBDD6, 0xBDD6, 0xBDB6, 0xBDB6, 0xBDD6, 0xBDD6, 0xBDD6,
    0xBDD7, 0xBDD7, 0xBDF7, 0xBDF7, 0xBDF7, 0xBDF7, 0xBE18, 0xBE18, 0xBE18,
    0xBE18, 0xBE18, 0xBE18, 0xBE39, 0xBE39, 0xEE78, 0xEE78, 0xE617, 0xACB3,
    0xA472, 0xB514, 0xC595, 0xB4D2, 0xCE17, 0xCE16, 0xD616, 0xA490, 0xA470,
    0x9C2F, 0xB44F, 0x93EE, 0x93EE, 0x93CD, 0x8BAC, 0xED93, 0xDC6D, 0xABCC,
    0x7B4B, 0xE551, 0xDC8D, 0xC3CC, 0x6A88, 0x836B, 0xCC6D, 0xDC2C, 0xB36A,
    0x8BCC, 0x942F, 0xA42F, 0xABED, 0x7288, 0xA3CE, 0xED73, 0xE552, 0xE552,
    0xED52, 0xE4CF, 0xE4AF, 0xE48E, 0xE44C, 0xDC2C, 0xDC0B, 0xDC0B, 0xDC0B,
    0xDBEB, 0xD3EB, 0xD3CA, 0xD3AA, 0xCBAA, 0xC38A, 0xBBAB, 0xB42E, 0xA3EE,
    0x5A06, 0x5A27, 0x51E6, 0x7309, 0x7308, 0x6AE8, 0x6AC8, 0x6AC8, 0x72E8,
    0x5A66, 0x5287, 0x5AA8, 0x72C8, 0x6AC8, 0x5AA8, 0x5AC8, 0x6309, 0x632A,
    0x632A, 0x4A88, 0x5AE9, 0x632A, 0x634B, 0x634B, 0x634B, 0x634B, 0x6B4B,
    0x6B6B, 0x6B6B, 0x6B6B, 0x6B6C, 0x6B8C, 0x738C, 0x738B, 0x7B8C, 0x7B2A,
    0x7AC9, 0xAC0D, 0xE510, 0xED10, 0xED10, 0xF551, 0xED10, 0xECCE, 0xECAD,
    0xEC8D, 0xECAD, 0xEC8D, 0xE46C, 0xE42B, 0xD3CA, 0xCB89, 0xC369, 0xBB6A,
    0xB3AB, 0x9B6B, 0x6AE9, 0x5A89, 0x5268, 0x944F, 0xA4D1, 0xACF2, 0xAD13,
    0xB533, 0xB554, 0xB554, 0xB470, 0xCBAC, 0xBC70, 0xC534, 0xCC0E, 0xBB8C,
    0xBD33, 0xBDB5, 0xBDB5, 0xBDB5, 0xBDB5, 0xBDB5, 0xBDB6, 0xBDB6, 0xBDB6,
    0xBDB6, 0xBDD6, 0xBDD6, 0xBDD6, 0xBDD6, 0xBDD6, 0xBDD6, 0xBDF7, 0xBDF7,
    0xBDF7, 0xBDF7, 0xBDF7, 0xBE18, 0xBE18, 0xBE18, 0xBE18, 0xBE18, 0xBE18,
    0xBE18, 0xBE39, 0xBE39, 0xEE57, 0xEE78, 0xEDF7, 0xB4B3, 0xAC93, 0xBD35,
    0xD5F7, 0xB4F3, 0xD617, 0xD5F6, 0xDE37, 0xA491, 0xA470, 0xC4D1, 0xECD0,
    0xB3EE, 0x93EE, 0x93CD, 0x8BAD, 0xDD72, 0xDC8E, 0xC40C, 0x7B2A, 0xDD11,
    0xE48D, 0xCBEC, 0x7AC9, 0x836B, 0xDC8D, 0xDC0B, 0xB36A, 0x8BCC, 0x940E,
    0xA42F, 0xAB8C, 0x7288, 0xC490, 0xED52, 0xE552, 0xD511, 0xCC6E, 0xBBCB,
    0xBBCC, 0xC3EC, 0xCBEB, 0xD3CB, 0xD3CA, 0xD3CA, 0xD3CB, 0xD3CB, 0xD3EA,
    0xD3CA, 0xCB8A, 0xC38A, 0xBB69, 0xB38B, 0xB42F, 0xBC91, 0x6A48, 0x5206,
    0x5206, 0x7308, 0x7308, 0x6AE8, 0x6AC8, 0x72C8, 0xD3AA, 0xAB8B, 0x5A88,
    0x62A8, 0xDBEB, 0xC3EC, 0x52A8, 0x5AC9, 0x62E9, 0x630A, 0x632A, 0x4A88,
    0x5AE9, 0x632A, 0x632A, 0x6B4B, 0x634B, 0x634B, 0x736B, 0x6B4B, 0x736B,
    0x7BAC, 0x7B6B, 0x7B6B, 0x7B4B, 0x836B, 0x836A, 0x7AA8, 0x82C9, 0xA3AC,
    0xD46F, 0xECF0, 0xED10, 0xF551, 0xED30, 0xECAE, 0xECAD, 0xEC8D, 0xEC8D,
    0xECAD, 0xE46C, 0xDBEB, 0xD3AA, 0xCB8A, 0xC369, 0xBB6A, 0xB3AB, 0xA3CC,
    0x7B0A, 0x62CA, 0x5248, 0xA4F1, 0xB533, 0xBDB5, 0xC5B5, 0xC5B6, 0xBDB5,
    0xBD95, 0xB42F, 0xCBAC, 0xB470, 0xC534, 0xCC0E, 0xB38C, 0xC5D6, 0xBDB5,
    0xBDB5, 0xBDB6, 0xC5D6, 0xBDD6, 0xBDD6, 0xC5D6, 0xC5D6, 0xC5D6, 0xC5D6,
    0xC5F6, 0xC5F6, 0xBDD6, 0xC5F7, 0xBDD7, 0xBDF7, 0xBDF7, 0xBDF7, 0xC617,
    0xC617, 0xC618, 0xC618, 0xC618, 0xBE18, 0xBE18, 0xBE38, 0xBE38, 0xBE39,
    0xBE39, 0xEE57, 0xEE57, 0xEDD7, 0xC493, 0xBC93, 0xC555, 0xD5F6, 0xBCF3,
    0xDE78, 0xC595, 0xDE57, 0xAC91, 0xA470, 0xBCD2, 0xECF1, 0xD40E, 0x9BEE,
    0x93CD, 0x93AD, 0xD511, 0xE4CF, 0xD42D, 0x8B4B, 0xD4AF, 0xE4AE, 0xCBEC,
    0x7AA9, 0x836B, 0xE4CE, 0xDC0B, 0xB36A, 0x8BCC, 0x8BCE, 0x93CD, 0xBBCD,
    0x72A9, 0xCCB0, 0xE532, 0xDD11, 0xB40E, 0xA36B, 0x8AC9, 0x7A67, 0x7247,
    0x8A87, 0xB329, 0xCB8A, 0xCB8A, 0xCB8A, 0xC36A, 0xB349, 0xA2E8, 0x8A87,
    0x92A7, 0x92C7, 0xA34A, 0xABEE, 0xBC91, 0x7AEA, 0x51C5, 0x51E6, 0x7309,
    0x7308, 0x6AE8, 0x6AC8, 0x9B09, 0xDBAA, 0xAB8B, 0x5A87, 0x9B29, 0xDBCB,
    0xBC0D, 0x5AA8, 0x5AC8, 0x62E9, 0x6309, 0x630A, 0x4A68, 0x5AE9, 0x632A,
    0x632A, 0x634B, 0x634B, 0x83ED, 0x7B4A, 0x6AC8, 0x72E8, 0x7309, 0x7B2A,
    0x7B4A, 0x836B, 0x838B, 0x8B6B, 0x8B2A, 0x82A8, 0xA3AB, 0xCC4E, 0xECCF,
    0xECCF, 0xED51, 0xED30, 0xECCF, 0xECAE, 0xEC8D, 0xE44C, 0xE44D, 0xD3EB,
    0xCBAA, 0xCBAA, 0xC38A, 0xBB8A, 0xB38A, 0xB3CC, 0xAC0D, 0x830A, 0x62CA,
    0x5248, 0xA4F2, 0xB574, 0xBDB5, 0xC5D6, 0xC5D6, 0xC5D6, 0xC5B5, 0xA3CE,
    0xBB8B, 0xBCB1, 0xC554, 0xCC2F, 0xB38C, 0xC595, 0xC5B6, 0xC5D6, 0xC5D6,
    0xC5D6, 0xC5D6, 0xC5D6, 0xC5D6, 0xC5F6, 0xC5F6, 0xC5F6, 0xC5F7, 0xC5F7,
    0xC5F7, 0xC5F7, 0xC5F7, 0xC617, 0xC617, 0xC617, 0xC617, 0xC618, 0xC618,
    0xC618, 0xC638, 0xC638, 0xC639, 0xBE39, 0xBE39, 0xBE39, 0xBE39, 0xEE37,
    0xEE57, 0xEDD6, 0xCC93, 0xC493, 0xCD55, 0xDDD6, 0xC4F3, 0xDE58, 0xCDB5,
    0xE658, 0xAC91, 0xAC70, 0xA44F, 0xED53, 0xD42E, 0xB40E, 0x93CD, 0x93AD,
    0xBC6E, 0xE4EF, 0xDC4D, 0xA38B, 0xC40D, 0xE4AE, 0xCC0C, 0x8AE9, 0x836B,
    0xECAD, 0xDC0B, 0xAB6A, 0x836B, 0x834B, 0x7B0A, 0xB38C, 0x82CA, 0xCCB0,
    0xE531, 0xE511, 0xCC6F, 0xB3AD, 0x9AEA, 0x92A9, 0x8267, 0x8287, 0x9AC8,
    0xB329, 0xC34A, 0xBB49, 0xA2E8, 0x8A67, 0x7A26, 0x7A26, 0x8246, 0x8246,
    0x7226, 0x9B8C, 0xB42F, 0x82EA, 0x49A5, 0x59E6, 0x7309, 0x7308, 0x6AE8,
    0x6AC8, 0xB349, 0xDBCB, 0x9329, 0x5A87, 0xC38A, 0xDC0B, 0x9B8B, 0x5AA8,
    0x5AC8, 0x62E9, 0x6309, 0x630A, 0x4A68, 0x5AE9, 0x632A, 0x632A, 0x634B,
    0x632B, 0x942E, 0x942E, 0x940E, 0x9C2E, 0x9C4E, 0x9C6F, 0x9C6F, 0xA48F,
    0x9C4F, 0x93CC, 0x938B, 0x8AE9, 0x9B4A, 0xC42D, 0xE4AF, 0xECF0, 0xF551,
    0xE4CF, 0xE48E, 0xE48E, 0xDC4D, 0xD3CB, 0xDC0C, 0xCBAA, 0xC3AA, 0xBBAA,
    0xA329, 0x9B29, 0x8AC8, 0xA3AC, 0xB46F, 0x9B8C, 0x6AEA, 0x4A07, 0x8C70,
    0xBD94, 0xC5D5, 0xCDF6, 0xCE16, 0xCDF6, 0xC5D6, 0xABEE, 0xBBAB, 0xBCD1,
    0xC554, 0xC40F, 0xB38C, 0xBD33, 0xC5D6, 0xC5D6, 0xC5D6, 0xC5D6, 0xC5D6,
    0xC5D6, 0xC5D6, 0xC5F6, 0xC5F6, 0xC5D6, 0xC5D6, 0xC5F7, 0xC5F7, 0xC5F7,
    0xC617, 0xC617, 0xC617, 0xC617, 0xC618, 0xC618, 0xC618, 0xC638, 0xC638,
    0xC638, 0xC639, 0xBE39, 0xBE39, 0xBE39, 0xBE39, 0xF637, 0xF637, 0xEDD6,
    0xCC72, 0xCC72, 0xD535, 0xDDB6, 0xCCF3, 0xE658, 0xCDB6, 0xE678, 0xB491,
    0xAC91, 0xAC70, 0xD512, 0xE4F0, 0xD48E, 0x9BCD, 0x93CD, 0x9BCD, 0xE4AE,
    0xDC4D, 0xB3CC, 0xB3CC, 0xDC8E, 0xD44C, 0x9309, 0x9BAB, 0xECAD, 0xD40B,
    0xA329, 0x6247, 0x7267, 0x7288, 0xB34C, 0x82C9, 0xC46F, 0xE531, 0xD4D0,
    0xAB8C, 0x8288, 0x7207, 0x6A06, 0x7206, 0x8247, 0x9AE9, 0xB36A, 0xBB29,
    0xAB09, 0x9AA8, 0x8A67, 0x8247, 0x8A87, 0x92A7, 0x92A7, 0x92C8, 0x9B6C,
    0xABCD, 0x7289, 0x49A5, 0x6246, 0x7309, 0x72E8, 0x6AE8, 0x6AC8, 0xCBAA,
    0xDC2C, 0x7B09, 0x6AA7, 0xD3EA, 0xDC2B, 0x72C8, 0xD3EC, 0xABCC, 0x62E9,
    0x6309, 0x630A, 0x4A68, 0x5AE9, 0x632A, 0x632A, 0x6B2B, 0x6B2B, 0x944F,
    0x9C6F, 0x9C4E, 0x9C6F, 0x9C6F, 0x9C6F, 0xA46F, 0xA48F, 0xA48F, 0xA42E,
    0x8B6B, 0x7A67, 0x8AE8, 0xB3AB, 0xE4AF, 0xECEF, 0xDCAE, 0xD44D, 0xD44D,
    0xCBEC, 0xCBCB, 0xCBAA, 0xCBCB, 0xBB49, 0xA309, 0x8288, 0x6A06, 0x7226,
    0x8287, 0x8AE9, 0xB490, 0xB48F, 0x6B0B, 0x4207, 0x8C2F, 0xC5D5, 0xBDB5,
    0xCDF6, 0xCDF7, 0xC5D6, 0xC5B6, 0xABCD, 0xBB8B, 0xB46F, 0xCD53, 0xCC6F,
    0xBBEE, 0xBCF2, 0xC5B6, 0xC5B6, 0xC5D6, 0xC5D6, 0xC5D6, 0xC5D6, 0xC5D6,
    0xC5F6, 0xC5F6, 0xC5D6, 0xC5F7, 0xC5F7, 0xC5F7, 0xC5F7, 0xC617, 0xC617,
    0xC617, 0xC618, 0xC617, 0xC618, 0xC638, 0xC638, 0xC638, 0xC638, 0xC639,
    0xC639, 0xBE59, 0xBE39, 0xBE59, 0xF637, 0xF637, 0xF5B6, 0xD472, 0xCC52,
    0xD4F4, 0xE5B5, 0xCD13, 0xDE17, 0xCD95, 0xE658, 0xB491, 0xB491, 0xAC70,
    0xAC70, 0xED93, 0xE4AF, 0xC42D, 0x93CD, 0x93AC, 0xDCAE, 0xDC4C, 0xCC0C,
    0xB3CC, 0xECEE, 0xDC6D, 0xCC2C, 0xDC8D, 0xE48D, 0xD3EB, 0x9B09, 0x6A88,
    0x8B6C, 0xA40E, 0xB32C, 0x930A, 0xC44F, 0xE531, 0xD4D0, 0x92EA, 0x7248,
    0x832C, 0x51A6, 0x59A5, 0x61C6, 0x7A48, 0xBBED, 0xC38B, 0xA2E8, 0x8247,
    0x71E6, 0x69C5, 0x69C5, 0x71E5, 0x8206, 0x8A67, 0x9B2B, 0xA38C, 0x6A27,
    0x51C5, 0x7288, 0x7308, 0x6AE8, 0x6AE8, 0x8B08, 0xD3EA, 0xDC4C, 0x62A7,
    0x9329, 0xDC0B, 0xD42B, 0x9B09, 0xE3EB, 0xBC2D, 0x62E9, 0x6309, 0x632A,
    0x4A68, 0x5AE9, 0x632A, 0x6B2A, 0x6B2B, 0x6B2A, 0x9C4F, 0xA46F, 0xA46F,
    0x9C6F, 0x9C6F, 0x9C6F, 0xA48F, 0xA46F, 0xA48F, 0xA42E, 0x8B6B, 0x7A67,
    0x8287, 0xB36A, 0xDC8E, 0xD46D, 0xB38A, 0xA349, 0x8A87, 0x9AC8, 0xAB29,
    0xC3AA, 0xD40B, 0xAAE8, 0x7A26, 0x59A5, 0x51A5, 0x5A06, 0x7227, 0x82A8,
    0xA40E, 0xC574, 0x7B6C, 0x5AAA, 0x9CB1, 0xC5D5, 0xC5D6, 0xCDF7, 0xCDF7,
    0xC5D6, 0xC5B6, 0xA36C, 0xBB6B, 0xB40E, 0xD553, 0xCC90, 0xBBEE, 0xB42F,
    0xBDB6, 0xBDB6, 0xC5D6, 0xC5D6, 0xC5D6, 0xC5D6, 0xC5D6, 0xC5D6, 0xC5F6,
    0xC5F7, 0xC5F7, 0xC5F7, 0xC5F7, 0xC5F7, 0xC5F7, 0xC617, 0xC617, 0xC618,
    0xC617, 0xC618, 0xC638, 0xC638, 0xC638, 0xC638, 0xC639, 0xC639, 0xBE59,
    0xBE59, 0xBE59, 0xF637, 0xF658, 0xF5B6, 0xD452, 0xD452, 0xDD14, 0xDD75,
    0xCCB2, 0xE5F7, 0xDDD6, 0xE617, 0xBC91, 0xB490, 0xB490, 0xAC4F, 0xD552,
    0xE4D0, 0xDC6E, 0xABED, 0x93AD, 0xD48E, 0xE48D, 0xE48D, 0xED0F, 0xECEF,
    0xDC4C, 0xE48D, 0xECCE, 0xE44C, 0xCBCB, 0x9309, 0x7B0A, 0x834B, 0x8B6C,
    0xC3AD, 0x8AA9, 0xC42E, 0xED31, 0xE511, 0xD46E, 0xC42E, 0xABCE, 0x49A5,
    0x7268, 0x61A6, 0x7207, 0xC470, 0xDC4E, 0xA2E8, 0x69E5, 0x61A5, 0x5185,
    0x4964, 0x59A5, 0x69A5, 0x7A06, 0x92C8, 0x9B6B, 0x61E6, 0x59A5, 0x8A68,
    0x72E8, 0x6AE8, 0x6AC8, 0xA349, 0xDC0A, 0xDC2C, 0x5A46, 0xBB8A, 0xDC0B,
    0xBBCA, 0xC3AA, 0xDC2B, 0x9BCC, 0x62E9, 0x6309, 0x6B2A, 0x4A68, 0x62E9,
    0x632A, 0x6B2A, 0x6B2B, 0x6B2B, 0x9C6F, 0xA48F, 0xA46F, 0xA46F, 0x9C6F,
    0xA46F, 0xA48F, 0xA48F, 0xA48F, 0xA46F, 0x9BED, 0x7A87, 0x7A47, 0xBB4A,
    0xD42D, 0xB3AB, 0x8AA8, 0x7205, 0x61A5, 0x69E5, 0x7A46, 0xCC2D, 0xE46D,
    0xA2C8, 0x61C5, 0x61A5, 0x59E6, 0x5A28, 0x7AA9, 0x7247, 0x8B4B, 0xC5B6,
    0x838D, 0x6B2C, 0xA491, 0xCDF6, 0xC5D6, 0xCDF7, 0xCDF7, 0xC5D6, 0xC5B5,
    0xAB6B, 0xCBCB, 0xBC2E, 0xCD53, 0xC46F, 0xBBEE, 0xAB8C, 0xBD95, 0xBDB6,
    0xBDD6, 0xBDD6, 0xBDD6, 0xC5D6, 0xBDD6, 0xBDD6, 0xBDD6, 0xBDD6, 0xBDF6,
    0xC5F7, 0xC5F7, 0xC5F7, 0xC5F7, 0xC617, 0xC617, 0xC617, 0xC617, 0xC618,
    0xC638, 0xC638, 0xC638, 0xC638, 0xC639, 0xC639, 0xBE59, 0xBE59, 0xBE59,
    0xF658, 0xFE78, 0xF5B6, 0xD452, 0xD452, 0xE514, 0xE595, 0xD4D3, 0xE617,
    0xE5F6, 0xEE17, 0xBC91, 0xBC90, 0xB470, 0xB44F, 0xB450, 0xE552, 0xE4CF,
    0xD46E, 0x93AC, 0xCC6E, 0xE4AE, 0xE48D, 0xECEE, 0xECCE, 0xDC2C, 0xE46D,
    0xECCE, 0xDC0C, 0xCBCB, 0xA34A, 0x8B8C, 0x7B0B, 0x7AEB, 0xC3AD, 0x8A68,
    0xCC6F, 0xED31, 0xED11, 0xE4B0, 0xD48F, 0xC3EC, 0xAB4A, 0xA2E9, 0xA2E8,
    0xB3CD, 0xDCF1, 0xE46D, 0xAB09, 0x8A67, 0x69C5, 0x6A06, 0x4964, 0x7226,
    0x7A05, 0x8A46, 0x9B09, 0x9B2A, 0x59C5, 0x71E6, 0x9289, 0x72E8, 0x72E8,
    0x6AC8, 0xAB49, 0xDC0A, 0xCBEA, 0x5A46, 0xD3EB, 0xE44B, 0xBB89, 0xDC4B,
    0xDC8D, 0x7309, 0x62E9, 0x6309, 0x6B2A, 0x5288, 0x62E9, 0x632A, 0x6B2A,
    0x6B2B, 0x6B4B, 0x9C6F, 0xCC2C, 0xBBCB, 0xA46F, 0x9C6F, 0xA46F, 0xA490,
    0xA4B0, 0xA4B0, 0xA44F, 0x9C0D, 0x7A67, 0x7226, 0xC38A, 0xBBAB, 0x9B09,
    0x7226, 0x49A5, 0x6227, 0x61A5, 0x69E6, 0xD46E, 0xEC8D, 0xB308, 0x92A7,
    0x9287, 0x9AE8, 0x8AA8, 0x92C8, 0x8288, 0x8AA8, 0xC533, 0x8BAD, 0x6B0B,
    0x7AEB, 0xC5B5, 0xC5D6, 0xC5D6, 0xCDF7, 0xC5D6, 0xC5B6, 0xAB4A, 0xD40C,
    0xBC2E, 0xC533, 0xCC90, 0xBC0E, 0xAB6C, 0xB513, 0xBDB6, 0xBDB6, 0xBDD6,
    0xBDD6, 0xBDD6, 0xBDD6, 0xBDD6, 0xBDD6, 0xBDD6, 0xBDD6, 0xC5F7, 0xC5F7,
    0xC5F7, 0xBDF7, 0xBDF7, 0xC617, 0xC617, 0xC617, 0xC618, 0xC638, 0xC638,
    0xC638, 0xC638, 0xC639, 0xC639, 0xBE59, 0xBE59, 0xBE59, 0xED96, 0xF5D7,
    0xED14, 0xDC52, 0xD431, 0xE514, 0xE575, 0xD4D2, 0xEE38, 0xEE17, 0xEE17,
    0xC491, 0xC491, 0xBC70, 0xB450, 0xAC2F, 0xCCD1, 0xED52, 0xE4AE, 0xDC6D,
    0xECAE, 0xE4AD, 0xE48D, 0xE48D, 0xE4CE, 0xD42C, 0xDC4C, 0xDC6D, 0xD40C,
    0xCBEB, 0xA34A, 0x72CA, 0x72AA, 0x7AEB, 0xC3EE, 0x9248, 0xCC6F, 0xED11,
    0xED11, 0xE48F, 0xD44D, 0xBBAC, 0xA2E9, 0xA2E9, 0xB36B, 0xD4B0, 0xED51,
    0xDC0C, 0xB329, 0xA2E8, 0xA2C7, 0xA2E8, 0xA2E7, 0xA2C7, 0xAAE8, 0xBB28,
    0xB349, 0x9B09, 0x59C5, 0x79E5, 0x9B0A, 0x72E8, 0x72E8, 0x6AC7, 0xC3AA,
    0xDC0B, 0xBBAA, 0x7AA7, 0xDC0A, 0xDC2B, 0xBB69, 0xE46B, 0xCC6D, 0x62A8,
    0x7309, 0x62E9, 0x6B09, 0x5268, 0x62E9, 0x632A, 0x6B2A, 0x6B2B, 0x6B4B,
    0x9C6F, 0xE44C, 0xD389, 0xA42E, 0xA46F, 0xCBAB, 0xABCC, 0xA4B0, 0xACB0,
    0x9C4F, 0x93CD, 0x6A26, 0x61C5, 0xBB6A, 0xAB49, 0x8267, 0x7268, 0x6227,
    0x7A87, 0x92A7, 0xA34A, 0xDC6D, 0xEC4C, 0xC349, 0xA2C7, 0xA2C7, 0xAAE8,
    0xA2C8, 0xA2E8, 0xA309, 0xA329, 0xBCD1, 0x9C70, 0x732B, 0x7ACA, 0xB533,
    0xC5B5, 0xC5F6, 0xC5D6, 0xC5D5, 0xC5D6, 0xAB4A, 0xCBCB, 0xC44E, 0xC533,
    0xC44F, 0xCC4F, 0xAB6C, 0x9C2F, 0xC617, 0xBDB6, 0xBDB6, 0xBDB6, 0xBDB6,
    0xBDB6, 0xBDB6, 0xBDD6, 0xBDD6, 0xC5D6, 0xC5F7, 0xC5F7, 0xC5F7, 0xBDF7,
    0xBDF7, 0xBDF7, 0xBDF7, 0xC617, 0xC618, 0xC618, 0xBE18, 0xC638, 0xC638,
    0xC639, 0xC639, 0xBE59, 0xBE59, 0xBE59, 0xDC32, 0xDC32, 0xDC32, 0xDC32,
    0xD431, 0xE514, 0xE555, 0xDCD2, 0xEE58, 0xE5F7, 0xE5F6, 0xC491, 0xC491,
    0xBC70, 0xBC50, 0xB42F, 0xB42F, 0xED73, 0xED30, 0xECCF, 0xE44D, 0xDC4D,
    0xDC4D, 0xDC4D, 0xDC6D, 0xD42C, 0xD42C, 0xD44C, 0xDCAD, 0xDC4C, 0xBBEC,
    0x6269, 0x836D, 0x6AAA, 0xBBCE, 0xB34B, 0xCC2E, 0xED11, 0xED11, 0xED11,
    0xE46E, 0xDC2C, 0xD3EC, 0xD3CC, 0xDC8F, 0xED72, 0xF572, 0xDC0C, 0xBB4A,
    0xAB08, 0xB308, 0xA2C7, 0x9AA7, 0xA2C7, 0xBB28, 0xBB49, 0xB329, 0x9B09,
    0x7206, 0x79C5, 0x930A, 0x72E8, 0x72E8, 0x6AC7, 0xD3EA, 0xDC0B, 0xB38A,
    0x9B28, 0xDC2A, 0xDC0B, 0xC3A9, 0xDC4B, 0xB3CB, 0x62A8, 0xD3EB, 0xAB8B,
    0x6B09, 0x5288, 0x62E9, 0x6B2A, 0x732A, 0xA36A, 0x6B2A, 0x9C6F, 0xDC6C,
    0xD3C9, 0xABEC, 0xA44E, 0xDBEA, 0xB308, 0xACD0, 0xACB0, 0xA46F, 0x938C,
    0x59C5, 0x61C5, 0xB349, 0xA308, 0x8A67, 0xBB8B, 0xBB6A, 0xB329, 0xAB08,
    0xC3EC, 0xE48E, 0xE42C, 0xC329, 0xB2E8, 0xB308, 0xA2A7, 0xA2C8, 0xA2C7,
    0xAB08, 0xB349, 0xC4F1, 0xB595, 0x7B2B, 0x82CA, 0xB534, 0xC5D6, 0xC5D6,
    0xC5D6, 0xC5D6, 0xC5D6, 0xA30A, 0xC36A, 0xD40C, 0xD4B0, 0xC44F, 0xB42F,
    0x9B6C, 0x834C, 0xC5D6, 0xBDB6, 0xBDB6, 0xBDB6, 0xBDD6, 0xBDD6, 0xBDD6,
    0xBDD6, 0xBDD6, 0xBDD6, 0xC5F6, 0xC5F7, 0xBDF7, 0xBDF7, 0xBDF7, 0xBDF7,
    0xBDF7, 0xC617, 0xBE18, 0xC618, 0xBE18, 0xC618, 0xC638, 0xC639, 0xBE39,
    0xBE59, 0xBE59, 0xBE59, 0xDC32, 0xDC31, 0xDC31, 0xDC31, 0xD431, 0xE4F4,
    0xED75, 0xDCD2, 0xEE37, 0xE5F6, 0xE5D6, 0xC471, 0xCC91, 0xC470, 0xBC70,
    0xB42F, 0xB42F, 0xD4D1, 0xE4F1, 0xE48F, 0xDC2D, 0xDC2C, 0xD40C, 0xD42C,
    0xD44C, 0xD40C, 0xD44C, 0xE4CE, 0xED2F, 0xDC4C, 0xE4EF, 0x72A9, 0x8B8D,
    0xDCF0, 0xECAE, 0xEC2D, 0xE40D, 0xE4D0, 0xED11, 0xECF1, 0xE46E, 0xDC0C,
    0xD3CB, 0xD3CB, 0xE4D0, 0xED72, 0xF572, 0xE40C, 0xBB4A, 0xB329, 0xBB09,
    0xC329, 0xC349, 0xCB69, 0xD369, 0xC349, 0xB349, 0x9B09, 0x8247, 0x8A67,
    0x8309, 0x6AE8, 0x6AC8, 0x7AE8, 0xCBA9, 0xDBEA, 0xA329, 0xB369, 0xDC0A,
    0xCB89, 0xE42B, 0xE46B, 0x9B4A, 0x9B29, 0xE40B, 0xAB8B, 0x6B0A, 0x5268,
    0x62E9, 0x6B2A, 0xAB8B, 0xDBEA, 0xA36A, 0xA48F, 0xD46C, 0xDC0A, 0xBBEC,
    0xAC6E, 0xE42B, 0xBB08, 0xA48F, 0xACD0, 0x9C2E, 0x9BAC, 0x69E5, 0x61C5,
    0xAB29, 0xC389, 0xBB69, 0xBB8A, 0xBB6A, 0xBB69, 0xBB8A, 0xE46E, 0xE48E,
    0xEC4C, 0xBB28, 0xB2E8, 0xBB28, 0xBB28, 0xB308, 0xB308, 0xBB28, 0xB349,
    0xC533, 0xC617, 0x72A9, 0x9B6C, 0xC5D6, 0xC5F6, 0xC5F6, 0xC5F6, 0xC5D6,
    0xC5B6, 0xA32A, 0xCBAB, 0xDC4D, 0xE48F, 0xD4B0, 0xBC6F, 0xABCD, 0xB3CD,
    0xBD53, 0xBDB6, 0xBDB6, 0xBDB6, 0xBDD6, 0xC5D6, 0xC5D6, 0xBDD6, 0xBDD6,
    0xBDD6, 0xBDD6, 0xBDF6, 0xBDD6, 0xBDF7, 0xBDF7, 0xBDF7, 0xBDF7, 0xBDF7,
    0xBE17, 0xC618, 0xBE18, 0xBE18, 0xBE38, 0xBE38, 0xBE39, 0xBE39, 0xBE39,
    0xBE59, 0xE4B3, 0xE4B3, 0xE4B3, 0xE492, 0xDC72, 0xE4B3, 0xE513, 0xDCD2,
    0xEDF7, 0xE5D6, 0xE5B5, 0xCC70, 0xCC90, 0xC490, 0xC470, 0xBC2F, 0xB40F,
    0xC38D, 0xB2EC, 0xA28A, 0xA2CA, 0xB32B, 0xCBCC, 0xD42C, 0xD40C, 0xD44C,
    0xD44C, 0xE4EE, 0xED30, 0xE4CE, 0xED0F, 0xDD31, 0xE572, 0xED51, 0xE44D,
    0xDB8B, 0xD34A, 0xD3AC, 0xE511, 0xE4F1, 0xDC4E, 0xD40C, 0xD3CB, 0xD3AB,
    0xDC8F, 0xED52, 0xF552, 0xE40C, 0xBB4A, 0xAB29, 0xB308, 0xC329, 0xCB69,
    0xD38A, 0xCB69, 0xBB49, 0xAB09, 0x9AE8, 0x8A67, 0x9AEA, 0x7B2A, 0x6AC8,
    0x6287, 0x8AC8, 0xCB89, 0xDBEA, 0xBB89, 0xCBCA, 0xDC0A, 0xBB48, 0xE44B,
    0xDC2B, 0x72E9, 0xBBCA, 0xDC4B, 0x934A, 0x6B0A, 0x5267, 0x62E9, 0x6B2A,
    0x9B8B, 0xD3AA, 0xBBAA, 0xA48F, 0xCC4C, 0xDC0A, 0xBBCB, 0xAC6F, 0xE44B,
    0xC369, 0xA46F, 0xA4B0, 0x9C0E, 0x936B, 0x7A06, 0x61C5, 0xA308, 0xCBAA,
    0xD3CA, 0xCBCA, 0xC38A, 0xBB69, 0xDC8D, 0xE48F, 0xE46E, 0xEC6D, 0xBB08,
    0xAAE8, 0xBB28, 0xCB69, 0xC348, 0xBB28, 0xBB28, 0xB349, 0xC533, 0xBDD6,
    0x7207, 0xA3AD, 0xCE37, 0xCDF7, 0xCDF7, 0xCDF7, 0xC5D6, 0xBD75, 0xB36B,
    0xDC4E, 0xE46E, 0xE46E, 0xDCAF, 0xD4AF, 0xDCD0, 0xCC0D, 0xB3AC, 0xB4B1,
    0xBDB5, 0xBDB5, 0xBDB6, 0xBDB6, 0xBDD6, 0xBDB6, 0xBDB6, 0xBDB6, 0xBDD6,
    0xBDD6, 0xBDD6, 0xBDD6, 0xBDD6, 0xBDF7, 0xBDF7, 0xBDF7, 0xBDF7, 0xBE17,
    0xBE18, 0xBE18, 0xBE18, 0xBE18, 0xBE38, 0xBE39, 0xBE39, 0xBE39, 0xD410,
    0xD411, 0xD411, 0xD411, 0xD431, 0xD451, 0xD451, 0xD471, 0xE575, 0xE595,
    0xE595, 0xCC70, 0xCC70, 0xCC70, 0xC450, 0xBC2F, 0xBC2E, 0xC3AE, 0xB2EC,
    0xA2AB, 0x9A8A, 0x9269, 0x8A49, 0x9269, 0xB34B, 0xCC0C, 0xDC6D, 0xE4CD,
    0xED50, 0xF571, 0xED10, 0xF592, 0xED52, 0xC3ED, 0xB34A, 0xB32A, 0xBB2A,
    0xC329, 0xDCB0, 0xE4D0, 0xDC4E, 0xD3EC, 0xCBAB, 0xCB6A, 0xD42E, 0xF552,
    0xF552, 0xDBEC, 0xC349, 0xB329, 0xAAE8, 0xC329, 0xCB49, 0xCB69, 0xC349,
    0xB308, 0xA2C8, 0xAAC8, 0xD349, 0xD36A, 0xC36A, 0x936A, 0x7B4A, 0xAB69,
    0xD3A9, 0xDBEA, 0xDC0A, 0xD3C9, 0xDC0A, 0xCBC9, 0xDC4B, 0xCC0B, 0x7AE8,
    0xDC4B, 0xD42B, 0x6AE9, 0x6B09, 0x5267, 0x62E9, 0x6B0A, 0x8B4A, 0xCBCA,
    0xCBEA, 0xA46F, 0xC42C, 0xDBEA, 0xBBAB, 0xAC6F, 0xE42A, 0xC369, 0xA46F,
    0xACD0, 0x9C2E, 0xA3ED, 0x8A46, 0x7226, 0x9AA7, 0xCB89, 0xD3CA, 0xDC0B,
    0xDBEB, 0xE44C, 0xE46D, 0xDC2D, 0xE44E, 0xEC8E, 0xC329, 0xAAC8, 0xB2E8,
    0xC349, 0xC349, 0xC348, 0xBB29, 0xB329, 0xB40E, 0xAD13, 0x7A48, 0x93EE,
    0x942F, 0x736D, 0x9C91, 0xB554, 0xBDB5, 0xBD54, 0xC40D, 0xE48F, 0xE48F,
    0xE46E, 0xDC8F, 0xE4F0, 0xDCAF, 0xC3EC, 0xA36B, 0xABCC, 0xB46F, 0xBD95,
    0xBDB5, 0xBDB6, 0xBDB6, 0xBDB5, 0xBDB6, 0xBDD6, 0xBDD6, 0xBDD6, 0xBDD6,
    0xBDD6, 0xBDD6, 0xBDD7, 0xBDF7, 0xBDF7, 0xBDF7, 0xBDF7, 0xBE17, 0xBE18,
    0xBE18, 0xBE18, 0xBE18, 0xBE18, 0xBE38, 0xBE39, 0xC3D0, 0xC3D0, 0xC3D0,
    0xC3D0, 0xC3D0, 0xC3AF, 0xC3AF, 0xC3AF, 0xBB8F, 0xBB8E, 0xB36E, 0xB36E,
    0xB36E, 0xC42F, 0xC450, 0xBC2F, 0xBC0E, 0xC3EE, 0xBB0C, 0xAACB, 0xA28A,
    0x9A6A, 0x9A69, 0x9249, 0x8A28, 0x9228, 0x9A89, 0xC3CB, 0xED50, 0xF571,
    0xF572, 0xED32, 0xC3CD, 0x9B09, 0x8AC9, 0x7268, 0x6248, 0xA32B, 0xBBEE,
    0xD4B0, 0xCC2E, 0xC3CC, 0xC3AB, 0xC34A, 0xD42E, 0xDCB0, 0xDC8F, 0xC36A,
    0xB309, 0xB329, 0xAAE8, 0xBB28, 0xC349, 0xC349, 0xBB28, 0xA2C8, 0x9A87,
    0xBAE8, 0xD369, 0xD369, 0xDBCA, 0xC38A, 0x72C9, 0xC3A9, 0xDBCA, 0xDBEA,
    0xDBEA, 0xDBEA, 0xE42A, 0xDBEA, 0xDC2B, 0xAB8A, 0xBBAA, 0xE44B, 0xB3AA,
    0x6AE9, 0x6B09, 0x5268, 0x62C9, 0x6B0A, 0x732A, 0xD3EA, 0xCBEA, 0xACB0,
    0xBBCB, 0xDBEA, 0xC38A, 0xAC4E, 0xE40A, 0xC368, 0xAC4F, 0xACD0, 0xA48F,
    0xA44F, 0x9A88, 0x6164, 0x8246, 0xBB49, 0xCBAA, 0xD3EB, 0xDC2C, 0xEC8D,
    0xDC0C, 0xCB8B, 0xDC2D, 0xEC8E, 0xCB49, 0xAB08, 0xAAC7, 0xC328, 0xC348,
    0xC328, 0xBB29, 0xB329, 0xABAC, 0xACF2, 0x8B4C, 0x8BCE, 0x5AAA, 0x3165,
    0x6248, 0xA44F, 0xBDD6, 0xACF2, 0xB490, 0xC46F, 0xD48F, 0xC42E, 0xDC8F,
    0xDC8F, 0xCC2D, 0x9B0A, 0x7A89, 0xB3AB, 0xBC2D, 0xBD95, 0xBD95, 0xBDB5,
    0xBDB5, 0xBDB5, 0xBDB5, 0xBDB6, 0xBDB6, 0xBDB6, 0xBDD6, 0xBDD6, 0xBDD6,
    0xBDD6, 0xBDD7, 0xBDD7, 0xBDF7, 0xBDF7, 0xBDF7, 0xBE17, 0xBE18, 0xBE18,
    0xBE18, 0xBE18, 0xBE18, 0xBE39, 0xBBAF, 0xBBAF, 0xBBAF, 0xBBAF, 0xBBAF,
    0xBBAF, 0xBB8F, 0xBB8F, 0xBB8E, 0xBB8E, 0xB36E, 0xB34E, 0xBBCF, 0xC450,
    0xC44F, 0xC42F, 0xBC0E, 0xC3EE, 0xBACC, 0xAACB, 0xAA8A, 0xA2AB, 0xA26A,
    0x9A49, 0x9A49, 0x9229, 0x8A28, 0x89E8, 0x9A89, 0xCC0D, 0xE4D0, 0xD42E,
    0xB34A, 0x9AE9, 0x6A69, 0x5249, 0x62CB, 0x9B2B, 0xABAD, 0xC470, 0xB3CD,
    0xAB6B, 0xB36A, 0xC3AB, 0xCBED, 0x9289, 0xAB6C, 0xA2C8, 0x8A47, 0x79E6,
    0xA2A8, 0xB308, 0xB328, 0xB308, 0xA2C8, 0x9287, 0x8246, 0x8A67, 0x9AC8,
    0xB328, 0xBB28, 0xC369, 0xA308, 0xD3EA, 0xDBEA, 0xDC0A, 0xDBEA, 0xDC0A,
    0xE44B, 0xE42A, 0xDC2A, 0xA349, 0xDC2B, 0xDC2B, 0x8309, 0x6AE9, 0x6B0A,
    0x82C9, 0xC38A, 0x834A, 0x6B09, 0xCBEA, 0xCBC9, 0xB4B0, 0xBBCB, 0xDBEA,
    0xC389, 0xBC4E, 0xE44A, 0xCB89, 0xAC4E, 0xACD1, 0xACB0, 0xACB0, 0xA2E9,
    0x6964, 0x7206, 0xB328, 0xCB8A, 0xDC0C, 0xE44D, 0xE44D, 0xD3CB, 0xBB29,
    0xDC4E, 0xDC2D, 0xC349, 0xAB09, 0xB2E7, 0xBB08, 0xC328, 0xBB28, 0xBB29,
    0xB349, 0xB44F, 0xBD95, 0x8B2B, 0xC5B5, 0xC5D6, 0xB574, 0x9C91, 0x8BAE,
    0x8BCE, 0xC5B6, 0xE6FA, 0xEF3B, 0xD658, 0x9C0F, 0xE4F1, 0xC3CC, 0x7A69,
    0x41E8, 0x6A69, 0xC3EC, 0xBC2C, 0xCE37, 0xBD95, 0xBD95, 0xBD95, 0xBD95,
    0xBD95, 0xBDB6, 0xBDB6, 0xBDB6, 0xBDB6, 0xBDB6, 0xBDD6, 0xBDD6, 0xBDD7,
    0xBDD7, 0xBDD7, 0xBDF7, 0xBDF7, 0xBDF7, 0xBE18, 0xBE18, 0xBE18, 0xBE18,
    0xBE18, 0xBE18, 0xB38E, 0xB38E, 0xB38E, 0xB36E, 0xB38E, 0xB36E, 0xB36E,
    0xB36E, 0xB36E, 0xB34D, 0xB34E, 0xAB4D, 0xC40F, 0xC450, 0xC44F, 0xBC2F,
    0xBC0E, 0xC40E, 0xCB2D, 0xAAAB, 0xAA8B, 0xAAAB, 0xA26A, 0x9A49, 0x9A29,
    0x9229, 0x9229, 0x8A08, 0x8A08, 0x79C7, 0x8A28, 0xAAEA, 0xA2EA, 0x7AAA,
    0x6AEB, 0x6ACB, 0x6B0C, 0x936C, 0xAB8C, 0xBC2F, 0xABAD, 0x9B0A, 0xC44F,
    0xD40D, 0xDC6F, 0xBBCE, 0x9B0B, 0x8247, 0x8227, 0x8227, 0x9AA8, 0xBB29,
    0xA2C8, 0x9AA7, 0x9287, 0x8A67, 0x7A26, 0x5A26, 0x7B4B, 0x7A67, 0x92A7,
    0xAB08, 0xC389, 0xD3EA, 0xDC0B, 0xDC2A, 0xDBEA, 0xE44B, 0xE42B, 0xE42B,
    0xE42B, 0xD40A, 0xE44B, 0xCBEA, 0x62C8, 0x6AE9, 0x6B09, 0x932A, 0xD3CA,
    0xB38A, 0x6B0A, 0xB389, 0xD3EA, 0xBC6E, 0xB3AB, 0xD3CA, 0xC389, 0xB42E,
    0xE42A, 0xCBA9, 0xAC4F, 0xACD1, 0xACB0, 0xACB0, 0xAB6B, 0x9226, 0x8206,
    0xA2E7, 0xCB89, 0xD3EB, 0xDC0C, 0xDC0C, 0xCB8A, 0xBB29, 0xB36B, 0xB34A,
    0x9AC8, 0x69C5, 0xB308, 0xC328, 0xBB08, 0xBB28, 0xBB28, 0xB349, 0xA3AC,
    0xA40E, 0xB40E, 0xCDB5, 0xC5F6, 0xC5F6, 0xC5F6, 0xC5D6, 0xBD33, 0x8AEA,
    0x9B6C, 0xAC0E, 0x838D, 0xBC2F, 0xDC90, 0x92CA, 0x3187, 0x83CE, 0x5ACB,
    0x936B, 0xBC4E, 0xBDB5, 0xBD95, 0xBD95, 0xBD95, 0xB595, 0xB595, 0xBD95,
    0xBDB6, 0xBDB6, 0xBDB6, 0xBDB6, 0xBDB6, 0xBDD6, 0xBDD6, 0xBDD6, 0xBDD7,
    0xBDD7, 0xBDF7, 0xBDF7, 0xBDF8, 0xBE18, 0xBE18, 0xBE18, 0xBE18, 0xBE18,
    0xCC70, 0xCC70, 0xCC70, 0xCC50, 0xC450, 0xC430, 0xC40F, 0xBBEF, 0xBBEF,
    0xBBCE, 0xB3AE, 0xB38E, 0xC42F, 0xC44F, 0xC42F, 0xBC0E, 0xBC0E, 0xBBEE,
    0xC30C, 0xAAAB, 0xA28A, 0x9A6A, 0x9A49, 0x9A49, 0x9A49, 0x9228, 0x9208,
    0x8A08, 0x8A08, 0x81E7, 0x71A7, 0x71A6, 0x71C7, 0x728A, 0x6AEB, 0x6AEC,
    0x6AEB, 0x8B4C, 0xA34C, 0xB40F, 0xB40E, 0xC490, 0xD4B0, 0xC3ED, 0xD44E,
    0xCC0D, 0x9AEA, 0x7A26, 0x8247, 0x8A47, 0x9A87, 0xAAE8, 0x9AA7, 0x9267,
    0x8A67, 0x8A67, 0x7A67, 0x6267, 0x7B4B, 0x5A27, 0x8A87, 0xAB28, 0xBB69,
    0xD3CA, 0xD3EA, 0xDC4B, 0xDC2A, 0xDC2A, 0xDC0A, 0xDC2A, 0xE42B, 0xDBEA,
    0xDC0B, 0xAB69, 0x62C8, 0x6AE9, 0x6B09, 0x6A88, 0xD3EB, 0xD3EA, 0x7B29,
    0xAB69, 0xC44B, 0xABEC, 0xAB8A, 0xD3A9, 0xBB49, 0xB40D, 0xDBC9, 0xCB89,
    0xAC6F, 0xACD0, 0xACD0, 0xACD0, 0xA3CD, 0xAAE8, 0x9266, 0x9AC7, 0xC369,
    0xD3CB, 0xD3CB, 0xD3EC, 0xC349, 0xDC2C, 0x9AE9, 0x7A68, 0x61C5, 0x59A4,
    0x9AA7, 0xBB28, 0xB308, 0xB328, 0xB308, 0xA2C8, 0x9247, 0xC309, 0xCB69,
    0xCBCB, 0xCCD0, 0xCD95, 0xCDF6, 0xC595, 0xCC2D, 0xDC6D, 0xCC4D, 0xB40E,
    0x8B4B, 0xDCD1, 0xC3CE, 0x6248, 0x39C7, 0x62EB, 0x8410, 0x4A28, 0xB42C,
    0xBDB5, 0xBD95, 0xBDB5, 0xBD95, 0xB595, 0xB595, 0xBD95, 0xBDB6, 0xBDB6,
    0xBDB6, 0xBDB6, 0xBDB6, 0xBDB6, 0xBDD6, 0xBDD6, 0xBDD6, 0xBDD7, 0xBDF7,
    0xBDF7, 0xBDF7, 0xBDF8, 0xBDF8, 0xBE18, 0xBE18, 0xBE18, 0xC470, 0xC470,
    0xC470, 0xCC70, 0xC470, 0xC470, 0xCC70, 0xC470, 0xCC70, 0xCC70, 0xC470,
    0xC44F, 0xC44F, 0xC42F, 0xBC2F, 0xBC0E, 0xBC0E, 0xB3EE, 0xCB4D, 0xB2CB,
    0xA28A, 0x9A49, 0x9229, 0x9229, 0x9229, 0x9228, 0x89E8, 0x89E7, 0x81E7,
    0x79A7, 0x71A6, 0x6986, 0x69A7, 0x6AAA, 0x730C, 0x5A6A, 0x6B0C, 0x6AAB,
    0x9B0A, 0xABCD, 0xB3EE, 0xDCF1, 0xBBED, 0xC42E, 0xCC4E, 0xC3ED, 0xAB4B,
    0x8247, 0x8247, 0x8A67, 0x9AC8, 0x9AA7, 0x9AC8, 0x9287, 0x9267, 0x8A47,
    0x8288, 0x6267, 0x7B4B, 0x5A68, 0x7A46, 0xBB69, 0xC3A9, 0xD40A, 0xCBEA,
    0xDC4B, 0xE44B, 0xDC0A, 0xDC2A, 0xDC2A, 0xDBEA, 0xDBAA, 0xD389, 0x9329,
    0x62C8, 0x6AE9, 0x6B09, 0x5267, 0xBB8A, 0xCBC9, 0xA389, 0x934A, 0xBBEB,
    0xBB69, 0xC3C9, 0xD3A9, 0xD3A9, 0xD3C9, 0xDBC9, 0xC348, 0xA46F, 0xACD0,
    0xACD0, 0xACD0, 0xACB0, 0xB309, 0x9A87, 0x8A67, 0xBB49, 0xCBAA, 0xD3EB,
    0xCBCB, 0xCBEB, 0xD42C, 0x8287, 0x6A26, 0x6A47, 0x7A67, 0x7205, 0x8266,
    0x92A7, 0x92A7, 0xB308, 0x8A67, 0xA287, 0xAAC8, 0xBB49, 0xD3EB, 0xD40B,
    0xCBEB, 0xCC0C, 0xCBEB, 0xDC8D, 0xE4AD, 0xDCAE, 0xE4EF, 0xCC6E, 0xC3ED,
    0xB40E, 0xAC2F, 0xA38C, 0xA3CD, 0x6ACA, 0x72A9, 0xB40C, 0xBD95, 0xBD95,
    0xBDB5, 0xBD95, 0xBD95, 0xB595, 0xB595, 0xBDB6, 0xB5B5, 0xB5B5, 0xBDB6,
    0xB5B6, 0xB5B6, 0xBDB6, 0xBDD6, 0xBDD6, 0xBDD7, 0xBDD7, 0xBDF7, 0xBDF7,
    0xBDF7, 0xBDF8, 0xBDF8, 0xBE18, 0xBE18, 0xBC4F, 0xBC50, 0xC450, 0xC44F,
    0xC44F, 0xC44F, 0xC44F, 0xC450, 0xC44F, 0xC44F, 0xC44F, 0xC42F, 0xBC2F,
    0xBC2F, 0xBC0E, 0xBC0E, 0xBC0E, 0xB3ED, 0xCB4D, 0xBACB, 0xAAAA, 0x9A49,
    0x9A29, 0x9228, 0x8A08, 0x8A08, 0x89E8, 0x81C7, 0x79C7, 0x79A7, 0x71A6,
    0x6186, 0x7269, 0x5A49, 0x5A49, 0x62AB, 0x5A4A, 0x62AB, 0x92EA, 0x9B2B,
    0xABCD, 0xDCF1, 0xAB6B, 0xBBEE, 0xBBAC, 0xB34B, 0xB32B, 0x9268, 0x8227,
    0x9AA8, 0xA2C8, 0x9287, 0x9AA7, 0x9267, 0x8A67, 0x8A47, 0x7AC8, 0x6267,
    0x7B4A, 0x6288, 0x8267, 0xB348, 0xCBEA, 0xDC2B, 0xCBCA, 0xDC2A, 0xE44B,
    0xDC2A, 0xDC0A, 0xDC2A, 0xE40A, 0xE40B, 0xCBAA, 0x7AE8, 0x62C8, 0x6AE8,
    0x6B09, 0x5267, 0x9309, 0xD40A, 0xCBEA, 0x8AE8, 0xCBA9, 0xD3A9, 0xDC0A,
    0xDBE9, 0xD3A9, 0xDBEA, 0xDBCA, 0xC369, 0xA46F, 0xACD0, 0xACD1, 0xACF1,
    0xACD0, 0xB42E, 0xB2C7, 0xA2A7, 0xA2C7, 0xC369, 0xD3EB, 0xCBCA, 0xB36A,
    0x9AE8, 0x92E9, 0x92C8, 0x92A8, 0xA2C8, 0x8A66, 0x7226, 0x7246, 0x7226,
    0xA2E8, 0x8268, 0x7206, 0x69E6, 0x8247, 0xA2E8, 0xCBAA, 0xD3EB, 0xD3EB,
    0xDC4C, 0xE4AE, 0xE4EE, 0xE4CE, 0xDC8E, 0xDC8E, 0xD48F, 0xC46F, 0xCCB0,
    0xE551, 0xE52F, 0xB3EC, 0xA38B, 0xABCB, 0xB554, 0xBD95, 0xBD95, 0xBD95,
    0xBD95, 0xB595, 0xB595, 0xB595, 0xB5B5, 0xB5B5, 0xB5B5, 0xB5B6, 0xB5B6,
    0xB5B6, 0xBDB6, 0xBDD6, 0xBDD7, 0xBDD7, 0xBDD7, 0xBDF7, 0xBDF7, 0xBDF7,
    0xBE18, 0xBE18, 0xBE18, 0xBC4F, 0xBC4F, 0xBC4F, 0xBC4F, 0xBC4F, 0xBC2F,
    0xBC4F, 0xBC2F, 0xBC4F, 0xBC2F, 0xBC2F, 0xBC2F, 0xBC2F, 0xBC2E, 0xBC0E,
    0xBC0E, 0xB3ED, 0xB3CD, 0xC30C, 0xB2AB, 0xAA8A, 0xA249, 0x9A49, 0x9A29,
    0x89E8, 0x8A08, 0x81E7, 0x79C7, 0x79A7, 0x71A6, 0x7186, 0x6986, 0x59E8,
    0x6249, 0x6249, 0x72EB, 0x72EB, 0x7B4D, 0x936C, 0x8AA9, 0xABAD, 0xD4D1,
    0xBBCD, 0xAB6D, 0xB36D, 0xA2A9, 0x9A89, 0x9248, 0x81E6, 0x81E6, 0x79C6,
    0x8206, 0x9287, 0x8A67, 0x8A67, 0x8247, 0x7AE9, 0x5A47, 0x7B2A, 0x6AA9,
    0x8287, 0xAB48, 0xCBEA, 0xDC4B, 0xCBEA, 0xD3EA, 0xE46B, 0xE44B, 0xD3EA,
    0xDBEA, 0xDC2A, 0xDC2B, 0xBB8A, 0x62A8, 0x62C8, 0x6AE9, 0x6B09, 0x5267,
    0x6AC8, 0xCBCA, 0xCBA9, 0xD3E9, 0xDC0A, 0xDBEA, 0xDC0A, 0xDBC9, 0xD3A9,
    0xDBEA, 0xD3C9, 0xCB69, 0xAC6F, 0xACD0, 0xACD1, 0xACD0, 0xACD0, 0xCC2D,
    0xDBA9, 0xD369, 0xA2A7, 0xB349, 0xCBAA, 0xA328, 0x9308, 0xA34A, 0xB36B,
    0xBB2A, 0xBB2A, 0x81E5, 0x8A26, 0x8A66, 0x7A46, 0x6A06, 0x92E9, 0x834C,
    0x5227, 0xA4D2, 0xACF2, 0x7ACA, 0x92A8, 0xCB8A, 0xD3CB, 0xDC4D, 0xE4AE,
    0xE4EF, 0xE4EF, 0xDCAE, 0xDC8E, 0xBBCC, 0xC44E, 0xE550, 0xED71, 0xDCCD,
    0xC42C, 0xABCB, 0x9B8B, 0xB574, 0xBD95, 0xBD95, 0xB595, 0xB595, 0xB595,
    0xB595, 0xB595, 0xB595, 0xB595, 0xB5B5, 0xB596, 0xB5B6, 0xB5B6, 0xB5B6,
    0xBDB6, 0xBDD6, 0xBDD6, 0xBDD7, 0xBDD7, 0xBDF7, 0xBDF7, 0xBDF8, 0xBDF8,
    0xBE18, 0xB42F, 0xB42F, 0xBC2F, 0xB42F, 0xB42F, 0xBC2F, 0xBC2F, 0xBC2F,
    0xBC2F, 0xBC2F, 0xBC2F, 0xBC2E, 0xBC2E, 0xBC0E, 0xB40E, 0xB3ED, 0xB3ED,
    0xB3CD, 0xBACB, 0xAA6A, 0xAA6A, 0x9A49, 0x9A29, 0x9208, 0x89E8, 0x89E7,
    0x81C7, 0x79A7, 0x79A6, 0x7186, 0x6986, 0x7228, 0x72CB, 0x7B0C, 0x834C,
    0x836D, 0x7B2C, 0x72EB, 0x836D, 0x8AA9, 0xA36B, 0xCCD1, 0xDCAF, 0xDC6F,
    0xDC91, 0xD3EE, 0xB2EA, 0x81E7, 0x9A68, 0x9A68, 0x79C6, 0x9287, 0x9287,
    0x8A67, 0x8A47, 0x7A47, 0x82E9, 0x72A8, 0x7B4B, 0x6288, 0x7A67, 0xB368,
    0xCC0A, 0xD40A, 0xCBC9, 0xCBC9, 0xDC2A, 0xDC2A, 0xD3EA, 0xDC0A, 0xDC2B,
    0xCBEA, 0x9B29, 0x62A8, 0x62C8, 0x62C8, 0x6B09, 0x5267, 0x62C8, 0xBBCB,
    0xD3E9, 0xDBC9, 0xDBEA, 0xDBE9, 0xDBE9, 0xDBE9, 0xDBEA, 0xD3C9, 0xCB89,
    0xCB89, 0xAC2E, 0xACB0, 0xACD1, 0xACD0, 0xCC4D, 0xDBCA, 0xD389, 0xAAA7,
    0x71C5, 0x9AC8, 0xC38A, 0x8287, 0x92E8, 0xB38B, 0x81E7, 0xC3CD, 0xDBEC,
    0x9A88, 0x6985, 0x5144, 0x8A67, 0x7A67, 0x932A, 0x7B6C, 0x5AAA, 0xB554,
    0xC5B5, 0xC5B5, 0x93CE, 0x9287, 0xB349, 0xDC6E, 0xE4EF, 0xED10, 0xED10,
    0xED0F, 0xE4CE, 0xDCAE, 0xE4EF, 0xED91, 0xED70, 0xD44C, 0xB3AA, 0xA38A,
    0x93AC, 0xBD95, 0xBD95, 0xBD95, 0xB595, 0xB595, 0xB595, 0xB595, 0xB595,
    0xB595, 0xB595, 0xB595, 0xB595, 0xB5B6, 0xB5B6, 0xB5B6, 0xB5B6, 0xBDB6,
    0xBDD6, 0xBDD7, 0xBDD7, 0xBDF7, 0xBDF7, 0xBDF7, 0xBDF8, 0xBDF8, 0xB42F,
    0xB42F, 0xB42E, 0xB42E, 0xB42E, 0xB42E, 0xB42E, 0xB42E, 0xB42E, 0xB42E,
    0xB42E, 0xB40E, 0xB40E, 0xB40E, 0xB3ED, 0xB3ED, 0xABCD, 0xB3CD, 0xB2AB,
    0xB2AB, 0xAA8A, 0x9208, 0x89E8, 0x89E7, 0x89E8, 0x81C7, 0x79C7, 0x79A6,
    0x7186, 0x7186, 0x6986, 0x6208, 0x59E7, 0x6A48, 0x7AEB, 0x72CA, 0x6A89,
    0x6269, 0x72EB, 0x82CA, 0xA32A, 0xC490, 0xE531, 0xC3ED, 0xBB4C, 0xCB6D,
    0xD38C, 0xC30A, 0xBB0A, 0x9A47, 0x8206, 0xA2E8, 0x8A67, 0x8A67, 0x8246,
    0x82E9, 0x7AC9, 0x72A8, 0x832A, 0x7AC9, 0x7A67, 0xAB68, 0xC3A9, 0xCBEA,
    0xC3A9, 0xC3A9, 0xDC09, 0xDC0A, 0xDC0A, 0xDC2B, 0xDC0A, 0xBB89, 0x7AE9,
    0x62A8, 0x62C8, 0x62C8, 0x6AE9, 0x5267, 0x62C8, 0xBBEB, 0xDC0A, 0xDC0A,
    0xCBA9, 0xD3C9, 0xDC0A, 0xDC0A, 0xDBE9, 0xD3C9, 0xCBA9, 0xCBA9, 0xC40B,
    0xAC8F, 0xACB0, 0xCC6E, 0xE42B, 0xCB69, 0x9266, 0x938C, 0x6A68, 0x7A46,
    0xB369, 0x8AC7, 0xAB29, 0x5964, 0xAACA, 0xDBEE, 0xD36B, 0xAAA8, 0x9227,
    0x81E6, 0x9AC7, 0x7A66, 0x8B0A, 0x736C, 0x6B2C, 0xB595, 0xC5D6, 0xC5F6,
    0xC5F6, 0x8BAD, 0x92A8, 0xC40D, 0xDCD0, 0xE510, 0xED10, 0xE4CF, 0xE4AF,
    0xECEF, 0xED71, 0xEDB1, 0xED50, 0xD44C, 0xBBEB, 0xAB8A, 0x93CD, 0xBD95,
    0xBD95, 0xB595, 0xB595, 0xB595, 0xB595, 0xB595, 0xB595, 0xB595, 0xB595,
    0xB595, 0xB595, 0xB5B5, 0xB5B6, 0xB5B6, 0xB5B6, 0xB5B6, 0xB5B6, 0xBDD6,
    0xBDD7, 0xBDD7, 0xBDF7, 0xBDF7, 0xBDF7, 0xBDF8, 0xB42F, 0xB42E, 0xB42E,
    0xB42E, 0xB42E, 0xB42E, 0xB42E, 0xB42E, 0xB42E, 0xB42E, 0xB42E, 0xB40E,
    0xB40E, 0xB40E, 0xB3ED, 0xABCD, 0xABCD, 0xB3ED, 0xBA8A, 0xCAEC, 0xAA69,
    0x91E8, 0x89C7, 0x89C7, 0x81C7, 0x81A7, 0x79A7, 0x71A6, 0x7186, 0x6966,
    0x69A6, 0x59C7, 0x59A6, 0x61E7, 0x72A9, 0x728A, 0x5A28, 0x5A49, 0x6AAA,
    0x72AA, 0x9B0A, 0xC44F, 0xE511, 0xBB8B, 0xA32B, 0xBB2C, 0xCB6C, 0xBACA,
    0xAA68, 0x81E6, 0x9287, 0xA2E8, 0x8247, 0x8A47, 0x7A88, 0x8B4B, 0x7AC9,
    0x6A47, 0x7267, 0x82C9, 0x8AC8, 0xA328, 0xB369, 0xC3A9, 0xCBA9, 0xC388,
    0xDBEA, 0xD3C9, 0xDC0A, 0xDC2B, 0xD3CA, 0xAB8A, 0x6288, 0x62A7, 0x62C8,
    0x62C8, 0x6AE9, 0x5247, 0x62C8, 0xB3AA, 0xD3EA, 0xDC0A, 0xD3E9, 0xDBEA,
    0xDBE9, 0xD3E9, 0xDC0A, 0xDC0A, 0xD40A, 0xD3C9, 0xD3C9, 0xCBAA, 0xCBCA,
    0xDBEA, 0xDC0A, 0x9AC7, 0x72A9, 0xB4F2, 0x9C0F, 0x61C5, 0xA329, 0x92E8,
    0xC3CB, 0xBB2A, 0xC30B, 0xDBAE, 0xBA48, 0xA268, 0xA247, 0xA32B, 0x9B08,
    0x7A67, 0x8B0A, 0x6B0B, 0x6B0B, 0xB554, 0xC5D6, 0xC5F6, 0xC5D6, 0xBDB5,
    0x940F, 0x9B6B, 0xCC6F, 0xDCD0, 0xDCCF, 0xE4CF, 0xDCAF, 0xED10, 0xED51,
    0xED50, 0xDCCF, 0xCC2C, 0xBBCB, 0xB3AB, 0xB4B1, 0xBD95, 0xBD95, 0xB595,
    0xB595, 0xB595, 0xB595, 0xB595, 0xB595, 0xB595, 0xB595, 0xB595, 0xB595,
    0xB5B5, 0xB5B6, 0xB5B6, 0xB5B6, 0xB5B6, 0xB5B6, 0xB5B6, 0xBDD6, 0xB5D6,
    0xBDD7, 0xBDF7, 0xBDF7, 0xBDF8, 0xB42E, 0xB42E, 0xB42E, 0xB42E, 0xB42E,
    0xB42E, 0xB42E, 0xB42E, 0xB42E, 0xB40E, 0xB40E, 0xB40E, 0xB40E, 0xABED,
    0xABED, 0xABCD, 0xABCC, 0xB3CD, 0xD30C, 0xCACB, 0x9A28, 0x91E7, 0x89C7,
    0x89C7, 0x81C7, 0x81A7, 0x7986, 0x7186, 0x6966, 0x6966, 0x61C7, 0x5186,
    0x51A6, 0x59C6, 0x6A48, 0x6A8A, 0x6269, 0x51E7, 0x6269, 0x6AAA, 0x8ACA,
    0xBC2F, 0xDCF1, 0xC3AB, 0x9AE9, 0x8A69, 0xBAEB, 0xA227, 0x9207, 0x8226,
    0x9AC8, 0x8A87, 0x8247, 0x8267, 0x832B, 0x834B, 0x72A9, 0x6A27, 0x6A06,
    0x61E6, 0x6A06, 0x9B08, 0xAB28, 0xB368, 0xC3A9, 0xCBA9, 0xDC0A, 0xDBE9,
    0xDC0A, 0xD3EA, 0xBB89, 0x934A, 0x5A87, 0x62A7, 0x62C8, 0x4208, 0x5AC9,
    0x5247, 0x62C8, 0x9B4A, 0xCBC9, 0xDC0A, 0xD3E9, 0xD3C9, 0xD3C9, 0xDC0A,
    0xDC2A, 0xD40A, 0xD3EA, 0xCBA9, 0xCBA9, 0xD389, 0xD389, 0xDBEA, 0xBB49,
    0x82A8, 0xB4F1, 0xB512, 0xB512, 0x6247, 0x8A87, 0x8AC7, 0xBBCB, 0xCBAC,
    0xCB4C, 0xB249, 0x99C6, 0x91C6, 0x9A47, 0x9AE9, 0x8AE8, 0x6A06, 0x72C9,
    0x62EB, 0x730B, 0xA533, 0xC5B6, 0xC5F6, 0xBDB5, 0xBDB5, 0xC5B5, 0xA470,
    0xA3AC, 0xC44E, 0xD48F, 0xD48E, 0xCC2D, 0xDCAF, 0xDD10, 0xDD10, 0xCC8E,
    0xCC4D, 0xB3AB, 0xB3AB, 0xB490, 0xBD95, 0xBD95, 0xB595, 0xB595, 0xB595,
    0xB595, 0xB575, 0xB595, 0xB595, 0xB595, 0xB595, 0xB595, 0xB595, 0xB5B6,
    0xB5B6, 0xB5B6, 0xB5B6, 0xB5B6, 0xB5B6, 0xB5B6, 0xBDD6, 0xBDD6, 0xBDD7,
    0xBDF7, 0xBDF7, 0xB42E, 0xB42E, 0xB42E, 0xB42E, 0xB42E, 0xAC2E, 0xAC2E,
    0xAC0E, 0xAC0E, 0xAC0E, 0xAC0D, 0xAC0D, 0xAC0D, 0xABED, 0xABED, 0xA3CC,
    0xA3AC, 0xBBAD, 0xDB4D, 0xBA69, 0xB269, 0xAA48, 0x99E7, 0x89C7, 0x81A6,
    0x81A7, 0x7986, 0x7186, 0x6966, 0x6166, 0x59A6, 0x4965, 0x59C6, 0x5186,
    0x61E7, 0x6A69, 0x6A8A, 0x5A08, 0x5208, 0x6AAA, 0x8B4C, 0xB3EE, 0xDCF1,
    0xDC8E, 0xCBCB, 0x9B0A, 0x8228, 0x79A6, 0x79C6, 0x8226, 0x9AC8, 0x8247,
    0x8247, 0x7AEA, 0x7B2B, 0x72EA, 0x6A68, 0x6A06, 0x61C5, 0x5185, 0x30E3,
    0x8AA7, 0x9AE7, 0xB348, 0xC3A9, 0xD3E9, 0xDC0A, 0xDBE9, 0xDC0A, 0xCBCA,
    0xAB49, 0x7AE9, 0x5A67, 0x6287, 0x62C8, 0x4208, 0x5AA9, 0x5247, 0x62C8,
    0x8309, 0xC3A9, 0xDBEA, 0xDC0A, 0xD3C9, 0xD3C9, 0xDC0A, 0xD40A, 0xCBC9,
    0xCB89, 0xCBCA, 0xD3AA, 0xD3A9, 0xD3A9, 0xC369, 0x8A66, 0xA490, 0xB4F1,
    0xB512, 0xB512, 0x834C, 0x61E5, 0x7A67, 0x9B29, 0xC40D, 0xBB6C, 0xAA89,
    0x9A27, 0x9207, 0x8226, 0x8AA8, 0x7226, 0x61E5, 0x6AC9, 0x5ACA, 0x62CA,
    0xA4F3, 0xBD95, 0xBDB5, 0xBD95, 0xBD95, 0xBDB5, 0xBDB5, 0xACD2, 0xA38C,
    0xBC0D, 0xBBED, 0xBBED, 0xC44E, 0xCC6E, 0xCC8E, 0xD4AF, 0xCC4D, 0xCC0D,
    0xCC2D, 0xB40D, 0xBDB5, 0xB595, 0xBD95, 0xB595, 0xB595, 0xB595, 0xB595,
    0xB595, 0xB595, 0xB595, 0xB595, 0xB595, 0xB595, 0xB595, 0xB595, 0xB5B6,
    0xB5B6, 0xB5B6, 0xB5B6, 0xB5B6, 0xB5B6, 0xB5D6, 0xBDD6, 0xBDD7, 0xBDF7,
    0xB42E, 0xAC2E, 0xB42E, 0xB42E, 0xAC2E, 0xAC2E, 0xAC0E, 0xAC0D, 0xAC0D,
    0xAC0D, 0xAC0D, 0xAC0D, 0xABED, 0xABED, 0xA3CC, 0xA3AC, 0xABAC, 0xE3AE,
    0xC28A, 0xBA8A, 0xB269, 0xB249, 0xA208, 0x91E7, 0x89A6, 0x89A6, 0x8186,
    0x7986, 0x6966, 0x6166, 0x5186, 0x4965, 0x59A6, 0x5185, 0x59C6, 0x6228,
    0x6269, 0x5A08, 0x4986, 0x6249, 0x6289, 0xC4B1, 0xCC90, 0xE4F0, 0xE44D,
    0xD3EC, 0x8A68, 0x71C6, 0x7A06, 0x8A46, 0x9AC8, 0x8246, 0x7AA9, 0x7B2B,
    0x72CA, 0x6A89, 0x6A47, 0x61E6, 0x5185, 0x28A2, 0x28A2, 0x7A26, 0x9287,
    0xA2C7, 0xB307, 0xD3CA, 0xD3CA, 0xD3A9, 0xDBEA, 0xC389, 0xA36A, 0x5A67,
    0x5A67, 0x6287, 0x62A8, 0x62A8, 0x62C9, 0x5247, 0x62A8, 0x6AC9, 0xB369,
    0xD3C9, 0xDC0A, 0xDBEA, 0xD3A9, 0xD3C9, 0xD3A9, 0xCBC9, 0xCBCA, 0xD3EA,
    0xD3EA, 0xD3AA, 0xBB48, 0x9AA7, 0x938C, 0xB4F1, 0xB4F1, 0xB512, 0xB512,
    0x9BEE, 0x5184, 0x61E5, 0x7A87, 0x9329, 0xA32B, 0x8248, 0x71C5, 0x71C5,
    0x69E5, 0x59A4, 0x59A4, 0x51A5, 0x62A9, 0x62EB, 0x6269, 0x9CF3, 0xA4F2,
    0xB574, 0xBD95, 0xBD95, 0xBDB5, 0xC5B5, 0xC5B5, 0xACF3, 0x8B0B, 0xA38C,
    0xBC0D, 0xD4AF, 0xE4F0, 0xE510, 0xE4F0, 0xDC8E, 0xD46E, 0xD46E, 0xBC0D,
    0xBDB5, 0xBD95, 0xBD95, 0xB595, 0xB595, 0xB595, 0xB595, 0xB595, 0xB595,
    0xB595, 0xB595, 0xB595, 0xB595, 0xB595, 0xB5B6, 0xB5B6, 0xB5B6, 0xB5B6,
    0xB5B6, 0xB5B6, 0xB5B6, 0xB5B6, 0xBDD6, 0xBDD7, 0xBDD7, 0xAC2E, 0xAC2E,
    0xAC2E, 0xAC2E, 0xAC2E, 0xAC0E, 0xAC0D, 0xAC0D, 0xAC0D, 0xAC0D, 0xAC0D,
    0xABED, 0xABED, 0xA3EC, 0xA3CC, 0xA3AC, 0xCB8D, 0xC2CB, 0xB269, 0xA249,
    0x89C7, 0x81A7, 0x81A6, 0x89C7, 0x89A6, 0x8186, 0x89A6, 0x89A6, 0x7966,
    0x6165, 0x5165, 0x4945, 0x5185, 0x5185, 0x5185, 0x5A07, 0x6248, 0x5A08,
    0x51C7, 0x51E7, 0x6269, 0xB450, 0xC490, 0xD4B0, 0xE46E, 0xE42D, 0xAB09,
    0x8226, 0x8226, 0x8A67, 0x8247, 0x7A67, 0x7B0A, 0x7AEA, 0x6A68, 0x6227,
    0x61E6, 0x4944, 0x28A2, 0x28A2, 0x2882, 0x6164, 0x6903, 0x68E2, 0x68C2,
    0x68E2, 0x68E2, 0x7123, 0x9206, 0x9267, 0x7AA9, 0x6267, 0x6267, 0x6287,
    0x62A8, 0x62A8, 0x62C9, 0x5247, 0x62A8, 0x6AE9, 0x9AE8, 0xC388, 0xDBEA,
    0xDBEA, 0xDBC9, 0xD3A9, 0xD3C9, 0xCBA9, 0xD3CA, 0xD3CA, 0xCBCA, 0xC389,
    0xA2E7, 0x7A47, 0xACB0, 0xB4F1, 0xB4F1, 0xB512, 0xB512, 0xACB0, 0x59A5,
    0x51A5, 0x6206, 0x7AA8, 0x7267, 0x6A06, 0x61C5, 0x5984, 0x4943, 0x4963,
    0x4984, 0x3944, 0x5228, 0x5A69, 0x5A07, 0x9CD2, 0x2965, 0x8C30, 0xBD94,
    0xBD95, 0xBDB5, 0xC5B5, 0xC5B5, 0xC5D6, 0xAD13, 0x9B6C, 0xC46F, 0xD4D0,
    0xDCF0, 0xE531, 0xE4F0, 0xDCAF, 0xDC6E, 0xE4CF, 0xC40C, 0xBD12, 0xBD95,
    0xBD95, 0xB595, 0xB595, 0xB595, 0xB595, 0xB595, 0xB595, 0xB595, 0xB595,
    0xB595, 0xB595, 0xB595, 0xB595, 0xB5B6, 0xB5B6, 0xB5B6, 0xB5B6, 0xB5B6,
    0xB5B6, 0xB5B6, 0xB5B6, 0xB5D6, 0xBDD7, 0xAC2E, 0xAC2E, 0xAC2E, 0xAC2E,
    0xAC2E, 0xAC0D, 0xAC0D, 0xAC0D, 0xAC0D, 0xAC0D, 0xABED, 0xA3ED, 0xA3EC,
    0xA3EC, 0xA3CC, 0xABAC, 0xCB4D, 0xA269, 0x8A08, 0x81E8, 0x79C7, 0x71A6,
    0x71A6, 0x79A6, 0x81A6, 0x81A6, 0x8186, 0x8186, 0x81A6, 0x6986, 0x4965,
    0x4945, 0x4965, 0x51A5, 0x4945, 0x59C6, 0x6228, 0x51C7, 0x51E7, 0x49A6,
    0x5A28, 0x7AEB, 0xBC70, 0xA3CD, 0xC40E, 0xBB2A, 0xB309, 0x9A87, 0x8A67,
    0x8226, 0x7206, 0x7268, 0x72A9, 0x6A68, 0x59E6, 0x5185, 0x3903, 0x2082,
    0x2082, 0x2082, 0x38C2, 0x58A2, 0x60C2, 0x68E2, 0x68E2, 0x70E2, 0x78E3,
    0x7102, 0x7102, 0x68E3, 0x7165, 0x6227, 0x6267, 0x6287, 0x62A8, 0x62A8,
    0x62C9, 0x4A26, 0x62A8, 0x62E9, 0x82A7, 0xB328, 0xCB89, 0xDBEA, 0xDBC9,
    0xDBC9, 0xD3C9, 0xD3C9, 0xD3EA, 0xD3CA, 0xC389, 0xAB08, 0x7A25, 0xA44F,
    0xB511, 0xB4F1, 0xB4F1, 0xB511, 0xB512, 0xB532, 0x7226, 0x4964, 0x49A5,
    0x59E6, 0x6A46, 0x7267, 0x7A26, 0x7206, 0x69C5, 0x5164, 0x5184, 0x4164,
    0x5248, 0x51C6, 0x61E6, 0x8C30, 0x4208, 0x2925, 0xAD13, 0xBD94, 0xBD95,
    0xBDB5, 0xBDB5, 0xBDB5, 0xC5D6, 0xAC91, 0xBC2E, 0xD4AF, 0xD4B0, 0xE531,
    0xE4F0, 0xDCCF, 0xDC8E, 0xE4F0, 0xDC8E, 0xBC2E, 0xBD94, 0xBD95, 0xB595,
    0xB595, 0xB595, 0xB595, 0xB595, 0xB595, 0xB595, 0xB595, 0xB595, 0xB595,
    0xB595, 0xB595, 0xB595, 0xB5B6, 0xB5B6, 0xB5B6, 0xB5B6, 0xB5B6, 0xB5B6,
    0xB5B6, 0xB5D6, 0xBDD7, 0xAC2E, 0xAC2E, 0xAC2E, 0xAC0D, 0xAC0D, 0xAC0D,
    0xAC0D, 0xAC0D, 0xABED, 0xA3ED, 0xA3ED, 0xA3EC, 0xA3EC, 0xA3CC, 0xA3AC,
    0xABAC, 0x7A08, 0x6186, 0x6186, 0x6166, 0x6166, 0x5966, 0x6186, 0x6165,
    0x6985, 0x7186, 0x7986, 0x7165, 0x7145, 0x7166, 0x5165, 0x4945, 0x4124,
    0x5185, 0x4945, 0x5185, 0x59E7, 0x51A6, 0x51C7, 0x5207, 0x4186, 0x5208,
    0x830B, 0x934B, 0x932B, 0x8AA8, 0x8A67, 0x8A67, 0x7A26, 0x7206, 0x7206,
    0x6A27, 0x6207, 0x4965, 0x30E3, 0x20A2, 0x2082, 0x2082, 0x2082, 0x2082,
    0x2882, 0x60C2, 0x68E2, 0x70E2, 0x70E2, 0x7903, 0x7903, 0x7903, 0x7903,
    0x7903, 0x7145, 0x5186, 0x5A27, 0x6287, 0x62A8, 0x62A8, 0x62C8, 0x4A26,
    0x5AA8, 0x62E9, 0x6AA8, 0x9A87, 0xC328, 0xDBCA, 0xDBEA, 0xDBEA, 0xD3C9,
    0xCBA9, 0xD3CA, 0xC389, 0xB328, 0x8A66, 0x8B6B, 0xB4F1, 0xB4F1, 0xB4F1,
    0xB4F1, 0xB511, 0xB512, 0xACF1, 0x8288, 0x51A5, 0x49A5, 0x59E6, 0x6206,
    0x61E5, 0x8246, 0x8246, 0x69C5, 0x4943, 0x59C5, 0x49C5, 0x5A27, 0x5185,
    0x6A06, 0x836D, 0x4228, 0x18E4, 0x83EF, 0xBD94, 0xBD95, 0xBD95, 0xBD95,
    0xBDB5, 0xBDB5, 0xBD94, 0xA40E, 0xCC8F, 0xDCF0, 0xE531, 0xE510, 0xE510,
    0xE4EF, 0xE510, 0xDCCF, 0xC3EC, 0xB4B0, 0xBD94, 0xB595, 0xB595, 0xB595,
    0xB595, 0xB595, 0xB595, 0xB595, 0xB595, 0xB595, 0xB595, 0xB595, 0xB595,
    0xB595, 0xB5B6, 0xB5B6, 0xB5B6, 0xB5B6, 0xB5B6, 0xB5B6, 0xB5B6, 0xB5B6,
    0xB5D6, 0xAC2D, 0xAC2D, 0xAC0D, 0xAC0D, 0xAC0D, 0xAC0D, 0xA40D, 0xA40D,
    0xA3ED, 0xA3EC, 0xA3EC, 0xA3EC, 0xA3EC, 0xA3CC, 0xA3AB, 0xAB6C, 0x9269,
    0xA2AB, 0x8A28, 0x81E7, 0x81C7, 0x81C7, 0x79A6, 0x7186, 0x6165, 0x5945,
    0x6165, 0x7185, 0x7986, 0x6145, 0x4945, 0x4945, 0x3904, 0x5185, 0x4944,
    0x4944, 0x51A5, 0x4965, 0x51C7, 0x5208, 0x3924, 0x49C7, 0x51E8, 0x51E7,
    0x7289, 0x7A88, 0x7206, 0x69E6, 0x69E5, 0x71E6, 0x6A06, 0x5185, 0x30C3,
    0x28A2, 0x2082, 0x2082, 0x2082, 0x2082, 0x2061, 0x2062, 0x30A2, 0x68E2,
    0x68E2, 0x7103, 0x70E2, 0x70E2, 0x78E2, 0x7903, 0x7903, 0x7923, 0x7985,
    0x4965, 0x49A6, 0x6A87, 0x6A87, 0x6AA8, 0x6AC9, 0x5226, 0x5A88, 0x62C9,
    0x62C9, 0x7A46, 0xBB07, 0xDBC9, 0xD3A9, 0xD389, 0xCB89, 0xCB89, 0xB328,
    0xB348, 0x9AC7, 0x7247, 0xACD1, 0xB511, 0xB4F1, 0xB4F1, 0xB4F1, 0xB511,
    0xA490, 0x3145, 0x61C5, 0x69C5, 0x4985, 0x59E5, 0x6206, 0x59C5, 0x7A26,
    0x7205, 0x59C5, 0x4943, 0x4984, 0x5248, 0x6A47, 0x5164, 0x7206, 0x7AC9,
    0x3965, 0x1082, 0x528A, 0xBD95, 0xBD94, 0xBD95, 0xBD95, 0xBD95, 0xBDB5,
    0xBD95, 0xACD2, 0xBC4E, 0xD4D0, 0xDD10, 0xE531, 0xE510, 0xE510, 0xE4F0,
    0xE4CF, 0xCC2C, 0xB3ED, 0xB532, 0xBD95, 0xB595, 0xB595, 0xB595, 0xB595,
    0xB595, 0xB595, 0xB595, 0xB595, 0xB595, 0xB595, 0xB595, 0xB595, 0xB595,
    0xB595, 0xB5B5, 0xB595, 0xB5B6, 0xB5B6, 0xB5B6, 0xB5B6, 0xB5D6, 0xAC2D,
    0xAC2D, 0xAC0D, 0xAC0D, 0xA40D, 0xA40D, 0xA3ED, 0xA3ED, 0xA3EC, 0xA3EC,
    0xA3EC, 0xA3EC, 0xA3EC, 0xA3CC, 0xABAC, 0xA269, 0x9A69, 0xB2AB, 0xA28A,
    0x9A49, 0x9228, 0x9208, 0x81C7, 0x7986, 0x7185, 0x6165, 0x5945, 0x5145,
    0x6165, 0x5945, 0x4124, 0x4144, 0x38E4, 0x4965, 0x4944, 0x4944, 0x5185,
    0x4144, 0x51C6, 0x49C7, 0x49A6, 0x30E4, 0x49A7, 0x4186, 0x3104, 0x3904,
    0x4944, 0x5164, 0x5164, 0x5164, 0x3903, 0x28A2, 0x28A2, 0x28A2, 0x2082,
    0x2062, 0x2061, 0x2061, 0x2061, 0x2061, 0x38A2, 0x68E2, 0x68E2, 0x7103,
    0x70E3, 0x7903, 0x7903, 0x78E2, 0x8123, 0x7924, 0x7185, 0x38A2, 0x5186,
    0x6A07, 0x7247, 0x6A88, 0x6AA8, 0x5206, 0x5A88, 0x62C9, 0x62C9, 0x8287,
    0xAAE7, 0xCB69, 0xCB89, 0xC348, 0xBB48, 0xBB48, 0xB348, 0x9AC7, 0x7A26,
    0x9C2E, 0xB511, 0xB511, 0xB4F1, 0xB4F1, 0xB4F1, 0xB512, 0x4A07, 0x1061,
    0x4944, 0x61C5, 0x4964, 0x51C5, 0x6206, 0x4144, 0x59C5, 0x59A4, 0x4943,
    0x4123, 0x49A5, 0x5A06, 0x5984, 0x5964, 0x71E5, 0x7A46, 0x4944, 0x3103,
    0x2145, 0x8C30, 0xBD94, 0xBD95, 0xBD95, 0xBD95, 0xBD95, 0xBDB5, 0xBD95,
    0xAC2F, 0xCCB0, 0xD4D0, 0xDD10, 0xE531, 0xE531, 0xE510, 0xE4F0, 0xD46E,
    0xBBCB, 0xB46F, 0xB553, 0xB595, 0xB595, 0xB595, 0xB595, 0xB595, 0xB595,
    0xB595, 0xB5B5, 0xB5B6, 0xB595, 0xB595, 0xB595, 0xB595, 0xB595, 0xB5B5,
    0xB5B5, 0xB596, 0xB596, 0xB5B6, 0xB5B6, 0xB5B6, 0xAC0D, 0xAC0D, 0xAC0D,
    0xA40D, 0xA40D, 0xA3ED, 0xA3ED, 0xA3EC, 0xA3EC, 0xA3EC, 0xA3EC, 0xA3EC,
    0xA3EC, 0xA3CC, 0xAB4B, 0x9208, 0xB2AA, 0xA2AA, 0x9269, 0x8A48, 0x8A48,
    0x8208, 0x6985, 0x6985, 0x7165, 0x7186, 0x6965, 0x5145, 0x4945, 0x4104,
    0x4104, 0x4144, 0x38E4, 0x4144, 0x4124, 0x4124, 0x4964, 0x4124, 0x4985,
    0x4165, 0x5207, 0x3104, 0x3104, 0x4166, 0x3104, 0x28C3, 0x28A2, 0x2882,
    0x28A2, 0x28A2, 0x2882, 0x28A2, 0x28A2, 0x2082, 0x2082, 0x2061, 0x2061,
    0x2061, 0x1861, 0x2061, 0x48E2, 0x68E2, 0x68E2, 0x68E2, 0x70E2, 0x70E2,
    0x7103, 0x7903, 0x70E2, 0x7924, 0x6944, 0x4104, 0x5186, 0x61E7, 0x69A5,
    0x59A5, 0x51C5, 0x4964, 0x49A5, 0x49C6, 0x49E6, 0x8A86, 0xAAE7, 0xC348,
    0xCB89, 0xC389, 0xC3A9, 0xC389, 0xB348, 0x9287, 0x82C9, 0xACD1, 0xB4F1,
    0xB4F1, 0xB4F1, 0xB4F1, 0xB4F1, 0x8BEE, 0x1062, 0x1041, 0x3903, 0x61A5,
    0x5985, 0x4964, 0x49A5, 0x3903, 0x4123, 0x4943, 0x4123, 0x3903, 0x51C5,
    0x59A4, 0x6184, 0x6184, 0x79E5, 0x7A05, 0x4944, 0x20A2, 0x2145, 0x62EB,
    0x630B, 0xAD33, 0xBDB5, 0xBDB5, 0xBD95, 0xBDB5, 0xBDB5, 0xAD13, 0xB42E,
    0xCCB0, 0xD4F0, 0xE531, 0xE531, 0xE510, 0xE510, 0xDCAE, 0xCC2C, 0xB3EC,
    0xB4F1, 0xB574, 0xB595, 0xB595, 0xB595, 0xB595, 0xB595, 0xB595, 0xB5B5,
    0xB5B5, 0xB5B5, 0xB5B5, 0xB5B5, 0xB5B5, 0xB595, 0xB5B5, 0xB5B5, 0xB5B6,
    0xB596, 0xB596, 0xB596, 0xB5B6, 0xA40D, 0xA40D, 0xA40D, 0xA40D, 0xA40C,
    0xA3ED, 0xA3EC, 0xA3EC, 0xA3EC, 0xA3EC, 0xA3EC, 0xA3EC, 0xA3CC, 0xABCC,
    0x9289, 0x8228, 0xAA8A, 0x9A69, 0x9A6A, 0x8A28, 0x81E7, 0x71A6, 0x6985,
    0x6985, 0x6985, 0x6165, 0x5945, 0x59C6, 0x4124, 0x3904, 0x3904, 0x4124,
    0x38E3, 0x4104, 0x4124, 0x3903, 0x4124, 0x38E3, 0x4144, 0x4145, 0x51E7,
    0x4165, 0x28C3, 0x28C3, 0x3104, 0x28C3, 0x2082, 0x2082, 0x2082, 0x2082,
    0x2082, 0x2082, 0x2082, 0x2082, 0x2061, 0x2061, 0x2061, 0x1841, 0x1841,
    0x1861, 0x50E2, 0x68E2, 0x68E2, 0x68C2, 0x7103, 0x70E2, 0x70E2, 0x70E2,
    0x7903, 0x7924, 0x6144, 0x38E4, 0x4945, 0x51A6, 0x8945, 0xD927, 0xC8E5,
    0xD927, 0x90A4, 0xA8C5, 0xD927, 0xA246, 0xBB48, 0xCB88, 0xD3A9, 0xCBA9,
    0xCBC9, 0xC389, 0xB348, 0x8A66, 0x9C2E, 0xACB1, 0xACD1, 0xB4F1, 0xB4F1,
    0xACF1, 0xB4F1, 0x4A28, 0x1061, 0x1041, 0x20A2, 0x61A5, 0x5164, 0x5164,
    0x4943, 0x4123, 0x4143, 0x4123, 0x4963, 0x5984, 0x5984, 0x61A4, 0x61A4,
    0x69A4, 0x79E5, 0x7A05, 0x6184, 0x1882, 0x2124, 0x4A49, 0x2945, 0x4208,
    0x526A, 0x4A6A, 0xB574, 0xBDB5, 0xBDB5, 0xBDB5, 0xA42F, 0xC46F, 0xCCB0,
    0xDD11, 0xE531, 0xE531, 0xE511, 0xDCCF, 0xD44D, 0xBBCB, 0xAC4E, 0xB532,
    0xB595, 0xB595, 0xB595, 0xB595, 0xB595, 0xB5B5, 0xB595, 0xB5B5, 0xB5B5,
    0xB5B5, 0xB5B5, 0xB5B5, 0xB595, 0xB595, 0xB5B5, 0xB5B6, 0xB596, 0xB596,
    0xB596, 0xB596, 0xA40D, 0xA40D, 0xA40D, 0xA40C, 0xA3EC, 0xA3EC, 0xA3EC,
    0xA3EC, 0xA3EC, 0xA3EC, 0xA3CC, 0x9BCC, 0x9BCC, 0xBB6C, 0x9228, 0x8228,
    0x9AAA, 0x8A29, 0x81E8, 0x89E7, 0x81A6, 0x7986, 0x81A6, 0x7185, 0x6165,
    0x5124, 0x4924, 0x59E7, 0x4124, 0x3904, 0x3904, 0x3904, 0x38E3, 0x3904,
    0x4124, 0x30C3, 0x3903, 0x30E3, 0x3903, 0x4144, 0x49A6, 0x4986, 0x3924,
    0x30E3, 0x2082, 0x2062, 0x2061, 0x2061, 0x2061, 0x2062, 0x2061, 0x2061,
    0x2062, 0x2082, 0x2082, 0x2061, 0x1841, 0x1841, 0x1841, 0x1841, 0x58E3,
    0x68E2, 0x70E2, 0x70E3, 0x70E2, 0x70E2, 0x70E2, 0x7103, 0x70E3, 0x7924,
    0x5924, 0x30E4, 0x3925, 0x4986, 0xB1A7, 0xA0C4, 0xE947, 0xC0C5, 0xD1E8,
    0xD168, 0xB105, 0xB246, 0xC348, 0xCB89, 0xCBA9, 0xCBA9, 0xCBC9, 0xBB68,
    0xB328, 0x82A8, 0xA490, 0xA4B0, 0xACD1, 0xACF1, 0xACF1, 0xACF1, 0xA4B1,
    0x1882, 0x1881, 0x0821, 0x1040, 0x5984, 0x5164, 0x5164, 0x5163, 0x5184,
    0x5984, 0x6184, 0x61A4, 0x69A4, 0x61A4, 0x69A4, 0x71C5, 0x71A4, 0x8205,
    0x79E5, 0x61A4, 0x1082, 0x1904, 0x31C6, 0x2124, 0x18C3, 0x18E4, 0x2145,
    0x528A, 0x4228, 0xBD95, 0xAD13, 0x62EB, 0xABCD, 0xC46F, 0xD4F0, 0xE531,
    0xE531, 0xE531, 0xE4EF, 0xDCAE, 0xC40C, 0xB3EC, 0xAC6F, 0xBD73, 0xB595,
    0xB595, 0xB595, 0xB5B5, 0xB595, 0xB5B5, 0xB595, 0xB595, 0xB5B6, 0xB5B6,
    0xB5B6, 0xB595, 0xB5B5, 0xB5B5, 0xB5B6, 0xB5B6, 0xB596, 0xB596, 0xB596,
    0xA40D, 0xA40D, 0xA3EC, 0xA3EC, 0xA3EC, 0xA3EC, 0xA3EC, 0xA3EC, 0x9BCC,
    0x9BCC, 0x9BCC, 0x9BCC, 0x9BCC, 0xB2EB, 0x9A28, 0x8A08, 0x928A, 0x8228,
    0x5945, 0x8A29, 0x79A6, 0x7986, 0x7985, 0x6965, 0x5124, 0x5124, 0x5145,
    0x51E7, 0x4124, 0x3903, 0x3903, 0x3904, 0x38E3, 0x30E3, 0x4144, 0x30C3,
    0x38E3, 0x30E3, 0x30E3, 0x4124, 0x4145, 0x51C7, 0x4165, 0x3924, 0x30C3,
    0x28A2, 0x2061, 0x2061, 0x2061, 0x2061, 0x2082, 0x2082, 0x2082, 0x2082,
    0x2061, 0x1841, 0x1841, 0x1841, 0x1841, 0x1841, 0x6103, 0x7103, 0x70E2,
    0x70E2, 0x70E3, 0x70E3, 0x70E3, 0x70E2, 0x70E3, 0x7124, 0x5944, 0x3124,
    0x3924, 0x3945, 0xB1A7, 0x9863, 0xE928, 0xD106, 0xC9C7, 0xC8E5, 0xB0E4,
    0xA266, 0xC368, 0xD3A9, 0xD3A9, 0xCBA9, 0xC3A9, 0xBB48, 0xAAE7, 0x832A,
    0x940D, 0xA490, 0xACD0, 0xACD1, 0xACF1, 0xACF1, 0x942F, 0x18A2, 0x1882,
    0x1040, 0x1861, 0x4923, 0x5164, 0x5964, 0x5164, 0x5984, 0x61A4, 0x71C5,
    0x71E5, 0x71E5, 0x71C5, 0x71C5, 0x71C5, 0x79E5, 0x8205, 0x79E5, 0x5963,
    0x1082, 0x18E3, 0x3186, 0x2124, 0x1082, 0x18A3, 0x10A2, 0x18C3, 0x18E4,
    0x4228, 0x2925, 0x2945, 0x7ACA, 0xB42E, 0xCCB0, 0xDD11, 0xE531, 0xE511,
    0xE511, 0xE4F0, 0xCC4D, 0xBBEC, 0xAC4F, 0xAC2E, 0xBD95, 0xB595, 0xB595,
    0xB595, 0xB595, 0xB595, 0xB595, 0xB595, 0xB5B5, 0xB5B6, 0xB5B6, 0xB5B6,
    0xB5B6, 0xB5B6, 0xB5B6, 0xB5B6, 0xB596, 0xB596, 0xB596, 0xA3EC, 0xA3EC,
    0xA3EC, 0xA3EC, 0xA3EC, 0xA3EC, 0xA3EC, 0x9BCC, 0x9BCC, 0x9BCC, 0x9BCC,
    0x9BCC, 0xABCD, 0x9A89, 0x8A07, 0x89E7, 0x9A49, 0x79E7, 0x5965, 0x61A6,
    0x69A6, 0x6185, 0x6165, 0x5945, 0x5124, 0x5124, 0x4965, 0x51C7, 0x3924,
    0x3903, 0x38E3, 0x3903, 0x38E3, 0x30E3, 0x4144, 0x3903, 0x30E3, 0x3903,
    0x30C3, 0x4144, 0x4144, 0x51E7, 0x4165, 0x4165, 0x3904, 0x30E3, 0x30E3,
    0x28C3, 0x28A2, 0x3104, 0x3124, 0x28C3, 0x2082, 0x2061, 0x2061, 0x1841,
    0x1820, 0x1841, 0x2061, 0x2041, 0x7124, 0x7103, 0x7903, 0x7903, 0x7903,
    0x7903, 0x70E3, 0x7103, 0x70E2, 0x7124, 0x6165, 0x20A2, 0x3165, 0x3104,
    0xB1A7, 0xE107, 0xE107, 0xE127, 0x8084, 0xD0E6, 0xD926, 0xA286, 0xCB88,
    0xD3A9, 0xD3A9, 0xCBA9, 0xC388, 0xBB48, 0x9A86, 0x834A, 0x8BAB, 0xA48F,
    0xACB0, 0xACD1, 0xACF1, 0xACF1, 0x8BEE, 0x18A2, 0x1882, 0x1861, 0x2081,
    0x38E2, 0x4943, 0x5964, 0x5964, 0x5984, 0x61A4, 0x71C5, 0x71E5, 0x71E5,
    0x71C5, 0x71C5, 0x71C5, 0x79E5, 0x8205, 0x79E5, 0x3903, 0x1082, 0x18A2,
    0x41C6, 0x18C3, 0x0862, 0x1082, 0x1082, 0x10A3, 0x18C3, 0x18E4, 0x2104,
    0x2925, 0x3185, 0x9B8C, 0xBC4E, 0xD4D0, 0xDD11, 0xE511, 0xE531, 0xE510,
    0xDCAE, 0xCC2D, 0xABCC, 0xAC0D, 0xB4D1, 0xB595, 0xB595, 0xB595, 0xB595,
    0xB595, 0xB595, 0xB5B5, 0xB5B5, 0xB595, 0xB5B6, 0xB5B6, 0xB5B6, 0xB5B6,
    0xB5B6, 0xB5B6, 0xB5B6, 0xB596, 0xB596, 0xA3EC, 0xA3EC, 0xA3EC, 0xA3EC,
    0xA3EC, 0xA3EC, 0x9BCC, 0x9BCC, 0x9BCC, 0x9BCC, 0x9BCB, 0x9BAB, 0xA3AC,
    0x8A68, 0x71C6, 0x81C7, 0x89E7, 0x79A6, 0x6165, 0x4904, 0x7A07, 0x6165,
    0x5965, 0x5145, 0x4924, 0x4924, 0x3924, 0x51C6, 0x3904, 0x3903, 0x38E3,
    0x38E3, 0x38E3, 0x30E3, 0x4964, 0x4124, 0x3903, 0x4124, 0x38E3, 0x4124,
    0x4165, 0x49C6, 0x4186, 0x4165, 0x4165, 0x3904, 0x3924, 0x3924, 0x3944,
    0x3944, 0x28C3, 0x2061, 0x2061, 0x2061, 0x1841, 0x1820, 0x1020, 0x2082,
    0x1841, 0x28A2, 0x7103, 0x7903, 0x7903, 0x78E3, 0x7903, 0x7923, 0x7903,
    0x7923, 0x7923, 0x7124, 0x6145, 0x28E3, 0x3124, 0x3144, 0x4965, 0x58A3,
    0x4082, 0x5882, 0x48A2, 0x50A2, 0x7944, 0xAAE7, 0xD3A9, 0xD3C9, 0xD3A9,
    0xCBA9, 0xC368, 0xAB07, 0x8266, 0x836A, 0x8BAB, 0xA46F, 0xA4B0, 0xACD0,
    0xACD1, 0x9C70, 0x3985, 0x1882, 0x1881, 0x1882, 0x28A2, 0x30C2, 0x4123,
    0x5143, 0x5964, 0x6184, 0x69A4, 0x71C5, 0x71E5, 0x71E5, 0x71C5, 0x71C5,
    0x71C5, 0x7A05, 0x8205, 0x71C4, 0x1882, 0x1061, 0x2903, 0x6AA9, 0x1082,
    0x0841, 0x0861, 0x1082, 0x1082, 0x10A3, 0x18C3, 0x18E4, 0x2104, 0x2125,
    0x6A89, 0xABED, 0xCC90, 0xDCF1, 0xDD11, 0xE531, 0xE531, 0xE4EF, 0xD46E,
    0xBBEC, 0xA3AC, 0xABED, 0xB512, 0xB595, 0xB595, 0xB5B5, 0xB5B5, 0xB5B5,
    0xB5B5, 0xB5B5, 0xB5B6, 0xB5B6, 0xB5B6, 0xB5B6, 0xB5B6, 0xB5B6, 0xB5B6,
    0xB5B6, 0xB5B6, 0xB5B6, 0x9BEC, 0x9BEC, 0x9BCC, 0x9BCC, 0x9BCC, 0x9BCC,
    0x9BCC, 0x9BCC, 0x9BCB, 0x9BCB, 0x9BCB, 0x9BAB, 0xB36C, 0x8208, 0x69A6,
    0x69A6, 0x81C7, 0x7986, 0x6965, 0x5124, 0x81E7, 0x6965, 0x6144, 0x6165,
    0x4904, 0x5125, 0x30E3, 0x4986, 0x3903, 0x38E3, 0x30E3, 0x3903, 0x38E3,
    0x3903, 0x4164, 0x4144, 0x3923, 0x4144, 0x51C6, 0x9B6A, 0xBC4D, 0x8B6C,
    0x51E7, 0x4165, 0x4165, 0x3103, 0x30E3, 0x30C3, 0x28C3, 0x28A2, 0x2061,
    0x2061, 0x2061, 0x2061, 0x1841, 0x1820, 0x2082, 0x2061, 0x2081, 0x30C2,
    0x7923, 0x7903, 0x7904, 0x8965, 0x8144, 0x8144, 0x8123, 0x70E2, 0x8144,
    0x7924, 0x5944, 0x2924, 0x20A2, 0x3145, 0x51C6, 0x6A07, 0x7207, 0x7A07,
    0x69C6, 0x69C6, 0x71C5, 0xB349, 0xD3EB, 0xD3EA, 0xD3A9, 0xCB88, 0xC368,
    0xAAE7, 0x7A66, 0x8B6B, 0x8B8B, 0x9C6F, 0xA4B0, 0xACB0, 0x8C0E, 0x2904,
    0x20C2, 0x1881, 0x1881, 0x1861, 0x28C2, 0x28A2, 0x3902, 0x5143, 0x5964,
    0x6184, 0x69A4, 0x69C4, 0x71E5, 0x71C5, 0x71C5, 0x71C5, 0x71C4, 0x79E5,
    0x8205, 0x5983, 0x1061, 0x1061, 0x3144, 0x5A27, 0x1082, 0x0861, 0x0861,
    0x1062, 0x1062, 0x1082, 0x10A3, 0x18C3, 0x20E4, 0x2104, 0x3165, 0x9B6C,
    0xBC4E, 0xD4B0, 0xDCF1, 0xDD11, 0xE531, 0xE510, 0xDCAE, 0xCC2D, 0xB3AB,
    0xA38B, 0xAC2E, 0xB553, 0xBDB5, 0xB5B5, 0xB5B5, 0xB5B5, 0xB5B5, 0xB5B5,
    0xB5B5, 0xB5B6, 0xB5B6, 0xB5B6, 0xB5B6, 0xB5B6, 0xB5B6, 0xB5B6, 0xB5B6,
    0xB5B6, 0x9BEC, 0x9BCC, 0x9BCC, 0x9BCC, 0x9BCC, 0x9BCC, 0x9BCC, 0x9BCB,
    0x9BCB, 0x9BCB, 0x9BAB, 0xABAC, 0xC30C, 0x89C7, 0x6985, 0x6986, 0x71A6,
    0x6965, 0x6945, 0x6144, 0x71A6, 0x6965, 0x6945, 0x6965, 0x6945, 0x5124,
    0x30E3, 0x4145, 0x38E3, 0x30E3, 0x30E3, 0x38E3, 0x3924, 0x4124, 0x4164,
    0x4164, 0x4144, 0x3903, 0x8B09, 0xBBCC, 0xD4AD, 0xAC0D, 0x5207, 0x51C7,
    0x3944, 0x28C3, 0x28A2, 0x28A2, 0x2082, 0x2081, 0x2061, 0x2061, 0x2061,
    0x1841, 0x1840, 0x1841, 0x28A2, 0x20A1, 0x30C2, 0x50E2, 0x7903, 0x7903,
    0x8124, 0x8124, 0x8944, 0x8124, 0x8123, 0x78E3, 0x8124, 0x7924, 0x6165,
    0x20A2, 0x28E3, 0x2924, 0x49C6, 0x5A27, 0x5A27, 0x5227, 0x49C6, 0x51C6,
    0x7A05, 0xC3AB, 0xD3EB, 0xD3EA, 0xCB88, 0xC348, 0xBB48, 0xA2A6, 0x7A87,
    0x834A, 0x8B8B, 0x942E, 0x62A9, 0x9C70, 0x4A28, 0x1881, 0x18A2, 0x1061,
    0x1061, 0x1061, 0x2081, 0x28A2, 0x30C2, 0x4103, 0x5984, 0x61A4, 0x61A4,
    0x69C5, 0x71C5, 0x71C5, 0x71C4, 0x71A4, 0x69A4, 0x71C4, 0x79E5, 0x38E2,
    0x1061, 0x1061, 0x5A27, 0x20E3, 0x1082, 0x1082, 0x1082, 0x0861, 0x0862,
    0x1082, 0x1082, 0x18A3, 0x18C3, 0x20E4, 0x2104, 0x5A28, 0xABED, 0xCC8F,
    0xDCF0, 0xDD11, 0xE531, 0xE531, 0xE4EF, 0xD48D, 0xC40C, 0xAB8A, 0xABAB,
    0xAC4F, 0xB574, 0xBDB5, 0xB5B5, 0xB5B5, 0xB5B5, 0xB5B5, 0xB5B5, 0xB5B6,
    0xB5B6, 0xB5B6, 0xB5B6, 0xB5B6, 0xB5B6, 0xB5B6, 0xB5B6, 0xB5B6, 0x9BEC,
    0x9BEC, 0x9BCC, 0x9BAB, 0x9BAB, 0x93AB, 0x938B, 0x938B, 0x938B, 0x93AB,
    0x9BCC, 0xC34D, 0xAAAA, 0x81C6, 0x7185, 0x7185, 0x6985, 0x6145, 0x6145,
    0x6144, 0x71A6, 0x6986, 0x5944, 0x6165, 0x6965, 0x4124, 0x30E3, 0x3924,
    0x30E3, 0x30E3, 0x30E3, 0x3903, 0x3923, 0x4144, 0x4164, 0x4164, 0x4144,
    0x4144, 0x79A5, 0xB32A, 0xCBCA, 0xB36B, 0x6A07, 0x6A08, 0x3924, 0x40E3,
    0x3124, 0x28A2, 0x28E3, 0x2081, 0x2081, 0x2061, 0x2061, 0x30A2, 0x3903,
    0x30A2, 0x3882, 0x48E2, 0x5903, 0x6903, 0x70E2, 0x7903, 0x8124, 0x8124,
    0x7924, 0x70E3, 0x7903, 0x7903, 0x7903, 0x8144, 0x7144, 0x2082, 0x3165,
    0x28C2, 0x49C6, 0x5A27, 0x5A27, 0x5227, 0x3964, 0x51C6, 0x8AA7, 0xCC0C,
    0xDC2B, 0xD3EA, 0xCB89, 0xBB27, 0xBB28, 0x9266, 0x7267, 0x7AE9, 0x5A27,
    0x20A2, 0x1861, 0x28E3, 0x1041, 0x1061, 0x1882, 0x1061, 0x1061, 0x1061,
    0x1041, 0x20A1, 0x28A2, 0x30C2, 0x5143, 0x61A4, 0x69A4, 0x69A4, 0x69C5,
    0x69A4, 0x69A4, 0x69A4, 0x69A4, 0x6984, 0x5963, 0x1061, 0x1061, 0x1081,
    0x6A88, 0x49E6, 0x1062, 0x1082, 0x1082, 0x0861, 0x1062, 0x1062, 0x1082,
    0x10A2, 0x18C3, 0x18C3, 0x20E4, 0x2945, 0x934B, 0xC46F, 0xDCF1, 0xE531,
    0xE552, 0xE551, 0xE4EF, 0xDCCE, 0xD46D, 0xB38A, 0xAB8A, 0xABCC, 0xAC90,
    0xBD95, 0xB595, 0xB5B5, 0xB5B5, 0xB5B5, 0xB5B5, 0xB5B6, 0xB5B6, 0xB5B6,
    0xB5B6, 0xB5B6, 0xB5B6, 0xB5B6, 0xB5B6, 0xB5B6, 0x6227, 0x51C6, 0x4985,
    0x4165, 0x4165, 0x4144, 0x4145, 0x4144, 0x3944, 0x4144, 0xA3AE, 0xAACA,
    0x9AAA, 0x6985, 0x7165, 0x7165, 0x6965, 0x6145, 0x5944, 0x5924, 0x7186,
    0x71C7, 0x5944, 0x5944, 0x5945, 0x30E3, 0x30E3, 0x3924, 0x30E3, 0x30E3,
    0x30E3, 0x4144, 0x4144, 0x4123, 0x4144, 0x4964, 0x4965, 0x4144, 0x82A8,
    0xBB8A, 0xDCAD, 0xCBCB, 0x8A89, 0x69E7, 0x5945, 0x5103, 0x40E3, 0x30A2,
    0x38A2, 0x2081, 0x2081, 0x38A2, 0x2061, 0x3061, 0x38C2, 0x5103, 0x58E2,
    0x6944, 0x4903, 0x60C2, 0x70E3, 0x7903, 0x7903, 0x6903, 0x6903, 0x60E3,
    0x58C2, 0x60C2, 0x6903, 0x7123, 0x7924, 0x4924, 0x3124, 0x3103, 0x49C6,
    0x5A27, 0x5A27, 0x5A27, 0x3964, 0x6206, 0xAB6A, 0xDC6D, 0xDC2C, 0xD3EA,
    0xCB89, 0xBB27, 0xB307, 0x8A25, 0x4143, 0x20A2, 0x1840, 0x1820, 0x1820,
    0x1020, 0x1020, 0x1020, 0x1061, 0x1061, 0x1041, 0x1041, 0x1061, 0x1861,
    0x28A2, 0x28A2, 0x38E2, 0x5964, 0x69A4, 0x69A4, 0x61A4, 0x6184, 0x6184,
    0x6184, 0x6184, 0x6984, 0x30E2, 0x1061, 0x1061, 0x18C2, 0x5A27, 0x41A5,
    0x1082, 0x1082, 0x1062, 0x1061, 0x1082, 0x1082, 0x1082, 0x1082, 0x10A3,
    0x18C3, 0x20E4, 0x20E4, 0x6248, 0xB42E, 0xD4D0, 0xE531, 0xE531, 0xE531,
    0xE510, 0xDCCF, 0xDC8E, 0xC3EB, 0xAB8A, 0xAB8B, 0xABCC, 0xB4B0, 0xB595,
    0xBDB5, 0xB595, 0xB5B5, 0xB5B5, 0xB5B6, 0xB5B6, 0xB5B6, 0xB5B6, 0xB5B6,
    0xB5B6, 0xB5B6, 0xB5B6, 0xB5B6, 0x4145, 0x4145, 0x4145, 0x4165, 0x4165,
    0x4165, 0x4165, 0x3945, 0x4165, 0x6249, 0xB38D, 0xA2AA, 0x8A69, 0x6985,
    0x6165, 0x6965, 0x6945, 0x6945, 0x5924, 0x5924, 0x81A6, 0x79C7, 0x5124,
    0x5924, 0x5124, 0x30E3, 0x30E3, 0x3903, 0x30E3, 0x30E3, 0x4185, 0x4985,
    0x4124, 0x4124, 0x4144, 0x4964, 0x4164, 0x49A5, 0x938A, 0xDD2E, 0xE54E,
    0xD44C, 0xABEC, 0x71C6, 0x6986, 0x4904, 0x28A2, 0x5103, 0x30C2, 0x48E3,
    0x40C2, 0x40C3, 0x2061, 0x38C2, 0x81C5, 0x40C2, 0x6123, 0x5103, 0x40E3,
    0x50C2, 0x58C3, 0x58C3, 0x4082, 0x6124, 0x6944, 0x6103, 0x60E3, 0x4881,
    0x3020, 0x60C2, 0x7124, 0x5124, 0x3123, 0x3944, 0x49C6, 0x5A47, 0x5A27,
    0x5A47, 0x4184, 0x8287, 0xBBEC, 0xDC8E, 0xD42C, 0xCBCA, 0xC368, 0xBB28,
    0xA2C7, 0x7A05, 0x2040, 0x1820, 0x1820, 0x1800, 0x1000, 0x1020, 0x1000,
    0x1020, 0x1041, 0x1041, 0x1040, 0x1040, 0x1041, 0x1061, 0x1861, 0x2081,
    0x28A2, 0x4923, 0x6184, 0x61A4, 0x6184, 0x5964, 0x5964, 0x6164, 0x6184,
    0x4123, 0x1881, 0x1881, 0x1061, 0x41A4, 0x7AE9, 0x1061, 0x1061, 0x1082,
    0x1061, 0x1082, 0x1082, 0x1082, 0x1082, 0x1082, 0x10A2, 0x18A3, 0x18C3,
    0x20E4, 0x3165, 0x9BAC, 0xD4B0, 0xDCF1, 0xE531, 0xE531, 0xE511, 0xDCCF,
    0xDCAE, 0xCC6D, 0xB38A, 0xB38A, 0xABAB, 0xABEC, 0xB4D1, 0xC5F6, 0xB5B5,
    0xBDB6, 0xBDB6, 0xBDB6, 0xB5B6, 0xB5B6, 0xB5B6, 0xB5B6, 0xB5B6, 0xB5B6,
    0xB5B6, 0xB5B6, 0x3945, 0x4165, 0x3945, 0x3944, 0x3945, 0x3945, 0x3945,
    0x3944, 0x3945, 0x9B4C, 0xAAAA, 0x9A89, 0x9228, 0x6165, 0x6144, 0x6144,
    0x6945, 0x6944, 0x6124, 0x5924, 0x6965, 0x7186, 0x5904, 0x5924, 0x4903,
    0x30C3, 0x30C3, 0x3903, 0x30E3, 0x30E3, 0x4985, 0x49C6, 0x4144, 0x3923,
    0x4985, 0x51E6, 0x51C5, 0x4984, 0x8B2A, 0xD4CD, 0xF5AF, 0xF5F0, 0xC4EE,
    0x8B4B, 0x5A07, 0x51A6, 0x59C6, 0x59A6, 0x5145, 0x5103, 0x38A2, 0x38C2,
    0x28C2, 0x30E2, 0x51E5, 0x72A8, 0x82E8, 0x5A06, 0x7AA9, 0x50C2, 0x50C2,
    0x6103, 0x7944, 0x7144, 0x50C2, 0x40A2, 0x4081, 0x4882, 0x3861, 0x3861,
    0x40A2, 0x4924, 0x3123, 0x3944, 0x4185, 0x5A48, 0x5A47, 0x5A27, 0x49A5,
    0x9B29, 0xC42C, 0xDC8E, 0xD42B, 0xCBA9, 0xC369, 0xB307, 0x9AA6, 0x69C4,
    0x1800, 0x1820, 0x1820, 0x1000, 0x1000, 0x1820, 0x1020, 0x1841, 0x1041,
    0x1020, 0x1020, 0x0820, 0x1020, 0x1041, 0x1041, 0x1861, 0x2081, 0x38C2,
    0x5963, 0x6184, 0x5964, 0x5943, 0x5143, 0x5143, 0x30C2, 0x1061, 0x1882,
    0x1881, 0x1881, 0x72C8, 0x5206, 0x1061, 0x1061, 0x1061, 0x1061, 0x1082,
    0x1062, 0x18A2, 0x18A3, 0x10A2, 0x1082, 0x18A3, 0x18C3, 0x20E4, 0x2104,
    0x6A89, 0xC48F, 0xD4D0, 0xE531, 0xE531, 0xE510, 0xE4F0, 0xDCCF, 0xDC8E,
    0xBBCB, 0xBBAA, 0xAB8A, 0xA3AC, 0xABCC, 0xBD53, 0xBDD6, 0xBDB6, 0xBDB6,
    0xBDB6, 0xB5B6, 0xB5B6, 0xB5B6, 0xB5B6, 0xB5B6, 0xB5B6, 0xB5B6, 0xB5B6,
    0x3924, 0x3924, 0x3924, 0x3924, 0x3924, 0x3924, 0x3924, 0x3924, 0x8269,
    0xC32C, 0xAA69, 0xAACA, 0x89E7, 0x6945, 0x6144, 0x5944, 0x5924, 0x6124,
    0x6924, 0x6124, 0x5924, 0x5924, 0x5904, 0x5904, 0x38E3, 0x30C3, 0x28C2,
    0x30E3, 0x30E3, 0x30E3, 0x4144, 0x5A06, 0x5A06, 0x6247, 0x4144, 0x59E6,
    0x5A26, 0x49A5, 0xA3CB, 0xDD0E, 0xF5AF, 0xEDAF, 0xD50E, 0x51E6, 0x4185,
    0x5207, 0x8B6B, 0x830A, 0x5206, 0x7AE8, 0x3903, 0x2081, 0x4164, 0x49A5,
    0x49A5, 0x59E6, 0x9BAB, 0xB44D, 0x8AA8, 0x7144, 0x6964, 0x6124, 0x6924,
    0x4061, 0x3020, 0x3020, 0x3021, 0x4081, 0x60E2, 0x48E3, 0x28E3, 0x3144,
    0x2081, 0x28E3, 0x3103, 0x5207, 0x5A47, 0x5A27, 0x6206, 0xB3AB, 0xD46D,
    0xDCAE, 0xDC4C, 0xCBCA, 0xC389, 0xB307, 0x9266, 0x5963, 0x1820, 0x1000,
    0x1000, 0x1000, 0x1820, 0x1820, 0x1020, 0x1040, 0x1841, 0x1020, 0x1020,
    0x1020, 0x1020, 0x1041, 0x1041, 0x1041, 0x1861, 0x2061, 0x4923, 0x5963,
    0x5943, 0x5143, 0x4903, 0x1861, 0x1061, 0x18A2, 0x1061, 0x1061, 0x3123,
    0x7AC8, 0x5A47, 0x1061, 0x1062, 0x0841, 0x1061, 0x1082, 0x1062, 0x18A2,
    0x18C3, 0x18A3, 0x10A3, 0x10A3, 0x18A3, 0x20E4, 0x20E4, 0x3965, 0xB40E,
    0xD4D0, 0xDCF1, 0xE511, 0xE510, 0xE510, 0xDCCF, 0xDCCE, 0xCC2C, 0xBBCA,
    0xB3AA, 0xABAB, 0xA3AB, 0xAC0D, 0xBD94, 0xBDD6, 0xBDB6, 0xBDB6, 0xB5B6,
    0xB5B6, 0xB5B6, 0xB5B6, 0xB5B6, 0xB5B6, 0xB5B6, 0xB5B6, 0x3904, 0x3904,
    0x3104, 0x3104, 0x3104, 0x3904, 0x3104, 0x59A6, 0xA28A, 0xB2CB, 0xAA29,
    0xAAAA, 0x7986, 0x6944, 0x6924, 0x6144, 0x5924, 0x5924, 0x6124, 0x6124,
    0x6124, 0x5944, 0x5103, 0x4903, 0x30C3, 0x28C3, 0x28C2, 0x28C2, 0x30E3,
    0x30E3, 0x3123, 0x6227, 0x3923, 0x7287, 0x6247, 0x8B4A, 0xA3CC, 0x5A27,
    0xB42B, 0xE56E, 0xED8E, 0xE56F, 0xE56F, 0x6288, 0x4185, 0x51E6, 0x834B,
    0x49C6, 0x49A5, 0x7AC9, 0x51E6, 0x28A2, 0x3924, 0x49A5, 0x3924, 0x6226,
    0xBC2C, 0xDD50, 0x9329, 0x7164, 0x58E3, 0x4082, 0x4081, 0x3020, 0x3020,
    0x3041, 0x50C2, 0x60E2, 0x6903, 0x40E3, 0x20A2, 0x3144, 0x28A2, 0x30E3,
    0x28E2, 0x49E6, 0x5A48, 0x5A27, 0x82C8, 0xB3CB, 0xDCAE, 0xE4AE, 0xDC4C,
    0xCBA9, 0xC389, 0xAB07, 0x8A66, 0x4102, 0x1020, 0x1000, 0x1000, 0x1820,
    0x1820, 0x1020, 0x1020, 0x0800, 0x1020, 0x1041, 0x1020, 0x1020, 0x0820,
    0x0000, 0x0000, 0x1041, 0x1041, 0x0820, 0x2081, 0x5143, 0x5943, 0x4923,
    0x1881, 0x1061, 0x1081, 0x18A2, 0x1061, 0x0000, 0x5206, 0x9BAC, 0x20A2,
    0x0841, 0x0841, 0x0841, 0x1061, 0x1062, 0x1062, 0x18A2, 0x18A3, 0x18C3,
    0x18C3, 0x18A3, 0x18C3, 0x18E4, 0x18E4, 0x2924, 0x8B4B, 0xCCB0, 0xD4D0,
    0xDD11, 0xE511, 0xE510, 0xDCCF, 0xDCAE, 0xD48D, 0xC3CB, 0xBBAA, 0xB3AA,
    0xABAB, 0xABAB, 0xAC6F, 0xBDB5, 0xBDB5, 0xBDB6, 0xBDB6, 0xB5B6, 0xB5B6,
    0xB5B6, 0xB5B6, 0xB5B6, 0xB5B6, 0xB5B6, 0x3104, 0x3104, 0x3103, 0x3103,
    0x3104, 0x3103, 0x3924, 0x9AAA, 0x91E7, 0xAACA, 0xAA49, 0xA28A, 0x6965,
    0x6144, 0x6944, 0x6924, 0x5924, 0x5924, 0x5923, 0x6124, 0x6124, 0x6124,
    0x5103, 0x40E3, 0x28A2, 0x28C3, 0x28C2, 0x28A2, 0x30C3, 0x3103, 0x28A2,
    0x51C6, 0x3923, 0x51A5, 0x72A8, 0x8329, 0xA3CB, 0x7288, 0xC46C, 0xDD0D,
    0xE52D, 0xD4ED, 0xDD2E, 0x938A, 0x6268, 0x5A27, 0x834B, 0x3944, 0x51E6,
    0x6A88, 0x28C2, 0x28C2, 0x5206, 0x6247, 0x30E2, 0x9B8A, 0xD4EE, 0xEE13,
    0xBC2D, 0x89A5, 0x6903, 0x50A1, 0x3841, 0x3840, 0x4081, 0x50E2, 0x60E2,
    0x6903, 0x6103, 0x40E3, 0x20A2, 0x3123, 0x28A1, 0x28A1, 0x28C2, 0x41A5,
    0x5A47, 0x5A27, 0xA36A, 0xBC0C, 0xDCAE, 0xE4CE, 0xDC4C, 0xCBA9, 0xBB68,
    0xAAE7, 0x8225, 0x30C1, 0x1000, 0x1000, 0x1000, 0x1840, 0x1020, 0x1020,
    0x1020, 0x0800, 0x0000, 0x0000, 0x1881, 0x1061, 0x0000, 0x0000, 0x0000,
    0x0020, 0x0020, 0x0820, 0x0820, 0x1040, 0x3902, 0x2081, 0x0841, 0x0841,
    0x0841, 0x1061, 0x0841, 0x1061, 0x7B09, 0x72A8, 0x1061, 0x0841, 0x0841,
    0x0841, 0x1062, 0x1061, 0x1082, 0x18A2, 0x18A3, 0x18C3, 0x18C3, 0x18A3,
    0x18C3, 0x18C3, 0x18E4, 0x2104, 0x5A48, 0xBC6F, 0xD4D0, 0xDCF0, 0xE511,
    0xE510, 0xDCCF, 0xE4CF, 0xDCAE, 0xC40B, 0xBBAA, 0xBBAA, 0xB38A, 0xABCB,
    0xABCC, 0xB4D1, 0xC5F6, 0xBDB5, 0xBDB6, 0xBDB6, 0xB5B6, 0xB5B6, 0xB5B6,
    0xB5B6, 0xB5B6, 0xB5B6, 0x3103, 0x30E3, 0x30E3, 0x30E3, 0x30E3, 0x30E3,
    0x79E8, 0x8A28, 0x9A49, 0xA2CA, 0x9228, 0xA28A, 0x6144, 0x5924, 0x6124,
    0x6924, 0x6924, 0x5904, 0x5924, 0x5103, 0x5903, 0x6103, 0x5903, 0x38C3,
    0x28C2, 0x28C2, 0x28A2, 0x28A2, 0x30C2, 0x30E3, 0x28A2, 0x3903, 0x3923,
    0x3923, 0x51E5, 0x6A67, 0xA3EC, 0x938B, 0xABEB, 0xD4CC, 0xE52E, 0xE52E,
    0xED6F, 0xE58F, 0xBC8F, 0xB48F, 0x8BCD, 0x5A26, 0x5A27, 0x5A06, 0x28C2,
    0x3923, 0x6247, 0x8309, 0x6A67, 0xC46C, 0xE570, 0xEDD2, 0xC46C, 0x89C6,
    0x6924, 0x6103, 0x58E2, 0x58E2, 0x58E2, 0x7124, 0x7164, 0x6944, 0x50E3,
    0x40C3, 0x30C3, 0x3123, 0x2881, 0x28A1, 0x28C2, 0x41A5, 0x5A27, 0x6227,
    0xBBCC, 0xCC4D, 0xDCCE, 0xE48D, 0xD42B, 0xC389, 0xBB48, 0xAAE7, 0x7A25,
    0x2060, 0x1000, 0x1000, 0x1020, 0x1020, 0x1020, 0x1020, 0x1020, 0x1020,
    0x0800, 0x0800, 0x3123, 0x3944, 0x0000, 0x0000, 0x0000, 0x0000, 0x0000,
    0x0000, 0x0000, 0x0000, 0x0000, 0x0000, 0x0000, 0x0000, 0x0000, 0x0000,
    0x0000, 0x2902, 0x8B49, 0x5206, 0x0821, 0x1061, 0x0841, 0x0841, 0x1062,
    0x1061, 0x1082, 0x18A2, 0x18A3, 0x18C3, 0x18C3, 0x10A2, 0x18C3, 0x18C3,
    0x18E4, 0x20E4, 0x2925, 0xAC0E, 0xD4B0, 0xDD11, 0xE531, 0xE510, 0xDCCF,
    0xDCCF, 0xDCAE, 0xCC4C, 0xC3CB, 0xC3CB, 0xBBAA, 0xABAB, 0xABAB, 0xABCC,
    0xB553, 0xBDD6, 0xBDB6, 0xBDB6, 0xBDB6, 0xB5B6, 0xB5B6, 0xB5B6, 0xB5B6,
    0xB5B6, 0x30E3, 0x30E3, 0x30E3, 0x30E3, 0x30E3, 0x30E3, 0xAA69, 0x79C6,
    0xAA8A, 0x9A69, 0x9269, 0x9A49, 0x6144, 0x5924, 0x5923, 0x5903, 0x6124,
    0x6924, 0x6104, 0x5103, 0x5103, 0x5103, 0x50E3, 0x28A2, 0x28A2, 0x28A2,
    0x28A2, 0x28A2, 0x30E3, 0x3103, 0x28A2, 0x30E3, 0x3903, 0x3903, 0x5A27,
    0x72A8, 0x8B6B, 0xB42D, 0xA3EB, 0xDD2E, 0xE54E, 0xED8F, 0xED6E, 0xED8F,
    0xDD4F, 0xDD71, 0x8BAC, 0x72C9, 0x4164, 0x3923, 0x28C2, 0x6267, 0x9B8B,
    0x7AE8, 0x9B89, 0xCC8C, 0xE5B1, 0xE571, 0xB40A, 0x7A46, 0x6964, 0x6103,
    0x60E2, 0x6903, 0x7964, 0x7985, 0x7185, 0x6123, 0x40A2, 0x48E3, 0x58E3,
    0x30E3, 0x28A1, 0x28C2, 0x28C2, 0x49A5, 0x5A27, 0x82A8, 0xC40C, 0xD4AE,
    0xDCAE, 0xE48D, 0xD40B, 0xC389, 0xBB48, 0xA2C7, 0x71E5, 0x1020, 0x0800,
    0x1020, 0x1020, 0x1020, 0x1020, 0x1020, 0x1020, 0x1000, 0x1020, 0x1020,
    0x5A05, 0x936A, 0x1881, 0x0800, 0x0800, 0x0000, 0x0000, 0x0000, 0x0820,
    0x0000, 0x0820, 0x0000, 0x0000, 0x0000, 0x0000, 0x0000, 0x0840, 0x5A26,
    0x6A88, 0x2924, 0x1061, 0x1061, 0x0821, 0x1061, 0x1061, 0x1061, 0x1082,
    0x10A2, 0x18A3, 0x18A3, 0x18C3, 0x1082, 0x20E4, 0x18A3, 0x18E4, 0x2104,
    0x2124, 0x830B, 0xCC90, 0xD4F0, 0xDCF0, 0xE511, 0xDCCF, 0xDCAF, 0xDCAF,
    0xD48E, 0xC3CB, 0xC3EB, 0xC3EB, 0xAB8A, 0xA36A, 0xAB8A, 0xB48F, 0xC5F6,
    0xBDB6, 0xBDB6, 0xBDB6, 0xBDB6, 0xB5B6, 0xB5B6, 0xB5B6, 0xB5B6, 0x30C3,
    0x30E3, 0x30E3, 0x30E3, 0x30E3, 0x71C7, 0x99E7, 0x81E6, 0xB2AB, 0xA249,
    0x9A8A, 0x9208, 0x6924, 0x6124, 0x5903, 0x5903, 0x5904, 0x6904, 0x6104,
    0x5904, 0x5103, 0x48E3, 0x40E3, 0x28A2, 0x28A2, 0x28A2, 0x28A2, 0x28C2,
    0x3903, 0x3903, 0x20A2, 0x4164, 0x3903, 0x3923, 0x3903, 0x72A8, 0x93AB,
    0xB44C, 0x9BCA, 0xDD2E, 0xED8F, 0xE54E, 0xEDAF, 0xED8F, 0xE56F, 0xC4CF,
    0xBCCF, 0x6A88, 0x3103, 0x28E2, 0x51E5, 0x6A88, 0xA3AA, 0x6246, 0xB42B,
    0xCC8C, 0xEDF2, 0xD4EF, 0x9329, 0x5164, 0x81A5, 0x8985, 0x8985, 0x89A5,
    0x81A5, 0x7985, 0x7964, 0x6903, 0x4081, 0x60E2, 0x6923, 0x40E2, 0x28C1,
    0x28C2, 0x28C2, 0x49C6, 0x5A27, 0xAB6A, 0xCC2D, 0xD4AF, 0xDCAD, 0xDC6C,
    0xCBEA, 0xC389, 0xB348, 0xA2C7, 0x69A4, 0x1000, 0x0800, 0x1020, 0x1020,
    0x1020, 0x1020, 0x1020, 0x1020, 0x1000, 0x1020, 0x0820, 0x51C5, 0x9369,
    0x20A1, 0x0800, 0x0800, 0x0820, 0x0000, 0x0800, 0x1020, 0x0820, 0x0820,
    0x0000, 0x0020, 0x0020, 0x0000, 0x0000, 0x1061, 0x9B8B, 0x8309, 0x0841,
    0x1061, 0x0841, 0x0841, 0x1082, 0x0841, 0x1061, 0x1082, 0x10A2, 0x18A3,
    0x18A3, 0x18C3, 0x10A2, 0x20E4, 0x18C3, 0x18E4, 0x2104, 0x2124, 0x41C6,
    0xBC4F, 0xD4B0, 0xDCF1, 0xDCF0, 0xDCF0, 0xDCAF, 0xD48E, 0xD48E, 0xC3EB,
    0xCC2C, 0xC3EB, 0xB38A, 0xAB6A, 0xA36A, 0xABAB, 0xB512, 0xC5F6, 0xBDB5,
    0xBDB6, 0xBDB6, 0xBDB6, 0xB5B6, 0xB5B6, 0xB5B6, 0x28C3, 0x28E3, 0x30E3,
    0x28C3, 0x28C3, 0x9248, 0x89A6, 0x8A08, 0xB2AA, 0xAA49, 0x9A8A, 0x79A6,
    0x6924, 0x6924, 0x6104, 0x5903, 0x5903, 0x5903, 0x6104, 0x6103, 0x58E3,
    0x48E3, 0x30A2, 0x28A2, 0x2082, 0x28A2, 0x2081, 0x30C2, 0x3903, 0x3923,
    0x20A2, 0x30E3, 0x3103, 0x3923, 0x3903, 0x6A67, 0xB42C, 0xB42C, 0x936A,
    0xDD4E, 0xDD2E, 0xEDAF, 0xED8F, 0xE56E, 0xDD4E, 0xBC8D, 0xA40D, 0x49C5,
    0x3103, 0x3103, 0x5A27, 0x6A87, 0xA3AA, 0x6A87, 0xCCAD, 0xD4CD, 0xEDF3,
    0xA3CB, 0x6A66, 0x4123, 0x6123, 0x81A5, 0x81A5, 0x81A5, 0x81A5, 0x8164,
    0x7123, 0x60E2, 0x48A1, 0x60E3, 0x6102, 0x48E2, 0x28C2, 0x28C2, 0x28C2,
    0x49C6, 0x6A47, 0xBBEC, 0xCC6E, 0xDCCF, 0xDC8D, 0xDC6C, 0xCBEA, 0xC389,
    0xB328, 0xA2C7, 0x5963, 0x0800, 0x0800, 0x1020, 0x1020, 0x1020, 0x1000,
    0x1020, 0x1020, 0x0800, 0x0820, 0x0800, 0x51C5, 0xA3AA, 0x4184, 0x0800,
    0x0800, 0x0800, 0x0820, 0x0800, 0x0820, 0x0820, 0x0820, 0x0000, 0x0820,
    0x0820, 0x0820, 0x0820, 0x6A87, 0x72C9, 0x5A47, 0x1061, 0x1061, 0x0821,
    0x1061, 0x1082, 0x0841, 0x1061, 0x1082, 0x10A2, 0x18A2, 0x18A3, 0x18A3,
    0x1082, 0x18E4, 0x18E3, 0x2104, 0x2104, 0x2124, 0x2924, 0x9BAD, 0xCCAF,
    0xDCF0, 0xDCF0, 0xDCD0, 0xDCD0, 0xDCAF, 0xD4AE, 0xCC2C, 0xD44C, 0xCC2C,
    0xB38A, 0xAB6A, 0xA329, 0xAB8A, 0xAC0D, 0xBDB5, 0xBDB5, 0xBDD6, 0xBDB6,
    0xBDB6, 0xB5B6, 0xB5B6, 0xB5B6, 0x28C3, 0x28C3, 0x28C3, 0x28C2, 0x4124,
    0x9269, 0x8185, 0x9A28, 0xA2AA, 0xA229, 0xA26A, 0x69A6, 0x5903, 0x6104,
    0x6104, 0x6104, 0x5903, 0x5103, 0x5103, 0x5903, 0x58E3, 0x48C3, 0x2082,
    0x2082, 0x28A2, 0x28A2, 0x2081, 0x30E2, 0x3903, 0x3903, 0x28A2, 0x30E2,
    0x3103, 0x3944, 0x3103, 0x7AE9, 0xCCCE, 0xAC0B, 0x8B49, 0xE58F, 0xD4ED,
    0xDD2E, 0xE58F, 0xDD2E, 0xE56F, 0x7AC8, 0x6A87, 0x3943, 0x3923, 0x3943,
    0x6246, 0x7288, 0x72A7, 0x8B29, 0xBC6C, 0xD50D, 0xBC8E, 0x82E8, 0x49A5,
    0x4144, 0x38C2, 0x5924, 0x7185, 0x8985, 0x8964, 0x7923, 0x7123, 0x50C2,
    0x48A2, 0x5902, 0x6102, 0x50E2, 0x28C2, 0x28C1, 0x28C2, 0x49C5, 0x930A,
    0xC42D, 0xDCCF, 0xE4EF, 0xDC8D, 0xDC4B, 0xCBCA, 0xC389, 0xB348, 0x9AA7,
    0x4943, 0x0800, 0x0820, 0x0800, 0x1020, 0x1020, 0x1000, 0x1020, 0x1020,
    0x0800, 0x0820, 0x0800, 0x49A4, 0x9349, 0x5206, 0x0800, 0x0820, 0x0820,
    0x0800, 0x0800, 0x0800, 0x0820, 0x0820, 0x1881, 0x0820, 0x0820, 0x0820,
    0x1041, 0x72C8, 0x9BCB, 0x1081, 0x1061, 0x0841, 0x0820, 0x1082, 0x1061,
    0x0841, 0x1061, 0x10A2, 0x10A2, 0x10A2, 0x18C3, 0x10A3, 0x10A2, 0x18C3,
    0x20E4, 0x2124, 0x2125, 0x2124, 0x2124, 0x72A9, 0xCC8F, 0xD4D0, 0xD4D0,
    0xDCD0, 0xDCCF, 0xDCAF, 0xDCAF, 0xD44D, 0xCC2C, 0xCC2C, 0xBBAA, 0xB36A,
    0xA329, 0xA349, 0xABAB, 0xBD12, 0xBDF6, 0xBDD6, 0xBDB6, 0xBD95, 0xBDB6,
    0xBDB6, 0xB5B6,
};
